x-axis E-06, 1 E-03
second,Volt
-7.210000,
-7.205000,
-7.200000,-137.971103890
-7.195000,-178.674621042
-7.190000,-162.594219204
-7.185000,-194.755022880
-7.180000,-202.795223799
-7.175000,-202.795223799
-7.170000,-186.714821961
-7.165000,-186.714821961
-7.160000,-194.755022880
-7.155000,-178.674621042
-7.150000,+102.229898563
-7.145000,+167.054018471
-7.140000,+159.013817552
-7.135000,+167.054018471
-7.130000,+182.631907752
-7.125000,+175.094219390
-7.120000,+159.013817552
-7.115000,+159.013817552
-7.110000,+159.013817552
-7.105000,+158.511304995
-7.100000,-113.850501133
-7.095000,-154.554018285
-7.090000,-138.473616447
-7.085000,-162.594219204
-7.080000,-178.172108484
-7.075000,-178.674621042
-7.070000,-162.594219204
-7.065000,-162.594219204
-7.060000,-162.594219204
-7.055000,-154.554018285
-7.050000,+94.189697644
-7.045000,+134.893214796
-7.040000,+134.893214796
-7.035000,+134.893214796
-7.030000,+150.973616634
-7.025000,+150.973616634
-7.020000,+134.390702238
-7.015000,+126.853013877
-7.010000,+134.893214796
-7.005000,+134.390702238
-7.000000,-97.770099295
-6.995000,-129.930902971
-6.990000,-114.353013691
-6.985000,-129.930902971
-6.980000,-138.473616447
-6.975000,-146.513817366
-6.970000,-130.433415528
-6.965000,-130.433415528
-6.960000,-137.971103890
-6.955000,-122.393214609
-6.950000,+78.109295806
-6.945000,+102.732411120
-6.940000,+102.229898563
-6.935000,+110.270099482
-6.930000,+118.310300400
-6.925000,+110.772612039
-6.920000,+102.732411120
-6.915000,+94.692210201
-6.910000,+94.692210201
-6.905000,+94.189697644
-6.900000,-73.649496539
-6.895000,-90.232410934
-6.890000,-82.192210015
-6.885000,-98.272611853
-6.880000,-106.312812772
-6.875000,-113.850501133
-6.870000,-98.272611853
-6.865000,-98.272611853
-6.860000,-105.810300214
-6.855000,-90.232410934
-6.850000,+53.988693049
-6.845000,+78.611808363
-6.840000,+62.531406526
-6.835000,+78.109295806
-6.830000,+70.571607444
-6.825000,+78.109295806
-6.820000,+70.069094887
-6.815000,+70.571607444
-6.810000,+70.069094887
-6.805000,+62.531406526
-6.800000,-49.528893782
-6.795000,-65.609295620
-6.790000,-58.071607258
-6.785000,-66.111808177
-6.780000,-74.152009096
-6.775000,-74.152009096
-6.770000,-66.111808177
-6.765000,-65.609295620
-6.760000,-66.111808177
-6.755000,-66.111808177
-6.750000,+29.868090292
-6.745000,+37.908291211
-6.740000,+37.908291211
-6.735000,+38.410803769
-6.730000,+45.948492130
-6.725000,+38.410803769
-6.720000,+30.370602850
-6.715000,+30.370602850
-6.710000,+30.370602850
-6.705000,+22.330401931
-6.700000,-25.910803583
-6.695000,-33.951004501
-6.690000,-33.951004501
-6.685000,-33.951004501
-6.680000,-41.488692863
-6.675000,-41.991205420
-6.670000,-41.488692863
-6.665000,-25.910803583
-6.660000,-25.910803583
-6.655000,-33.951004501
-6.650000,+6.250000093
-6.645000,+6.250000093
-6.640000,+6.250000093
-6.635000,+6.250000093
-6.630000,+13.787688455
-6.625000,+6.250000093
-6.620000,-1.790200826
-6.615000,-1.790200826
-6.610000,-1.790200826
-6.605000,-9.327889187
-6.600000,-9.327889187
-6.595000,-1.790200826
-6.590000,-1.790200826
-6.585000,+6.250000093
-6.580000,-1.790200826
-6.575000,+6.250000093
-6.570000,-1.287688268
-6.565000,+6.250000093
-6.560000,-1.287688268
-6.555000,-1.287688268
-6.550000,-17.870602664
-6.545000,-17.870602664
-6.540000,-25.910803583
-6.535000,-25.910803583
-6.530000,-25.910803583
-6.525000,-25.910803583
-6.520000,-33.951004501
-6.515000,-41.488692863
-6.510000,-33.951004501
-6.505000,-33.951004501
-6.500000,+13.787688455
-6.495000,+29.868090292
-6.490000,+22.330401931
-6.485000,+29.868090292
-6.480000,+30.370602850
-6.475000,+30.370602850
-6.470000,+30.370602850
-6.465000,+30.370602850
-6.460000,+37.908291211
-6.455000,+30.370602850
-6.450000,-49.528893782
-6.445000,-50.031406339
-6.440000,-57.569094701
-6.435000,-65.609295620
-6.430000,-65.609295620
-6.425000,-66.111808177
-6.420000,-58.071607258
-6.415000,-66.111808177
-6.410000,-74.152009096
-6.405000,-66.111808177
-6.400000,+37.908291211
-6.395000,+54.491205607
-6.390000,+54.491205607
-6.385000,+54.491205607
-6.380000,+62.531406526
-6.375000,+78.109295806
-6.370000,+62.531406526
-6.365000,+70.571607444
-6.360000,+70.571607444
-6.355000,+62.531406526
-6.350000,-57.569094701
-6.345000,-74.152009096
-6.340000,-82.192210015
-6.335000,-90.232410934
-6.330000,-98.272611853
-6.325000,-105.810300214
-6.320000,-105.810300214
-6.315000,-98.272611853
-6.310000,-98.272611853
-6.305000,-98.272611853
-6.300000,+70.069094887
-6.295000,+86.652009282
-6.290000,+78.611808363
-6.285000,+94.692210201
-6.280000,+94.692210201
-6.275000,+110.772612039
-6.270000,+102.229898563
-6.265000,+102.229898563
-6.260000,+102.732411120
-6.255000,+94.692210201
-6.250000,-81.689697457
-6.245000,-113.850501133
-6.240000,-113.850501133
-6.235000,-121.890702052
-6.230000,-137.971103890
-6.225000,-130.433415528
-6.220000,-130.433415528
-6.215000,-130.433415528
-6.210000,-138.473616447
-6.205000,-137.971103890
-6.200000,+70.069094887
-6.195000,+110.772612039
-6.190000,+102.732411120
-6.185000,+118.310300400
-6.180000,+134.390702238
-6.175000,+142.933415715
-6.170000,+126.853013877
-6.165000,+134.390702238
-6.160000,+134.893214796
-6.155000,+126.853013877
-6.150000,-97.770099295
-6.145000,-138.473616447
-6.140000,-146.513817366
-6.135000,-154.554018285
-6.130000,-162.594219204
-6.125000,-170.131907566
-6.120000,-170.131907566
-6.115000,-170.131907566
-6.110000,-162.594219204
-6.105000,-162.594219204
-6.100000,+94.189697644
-6.095000,+150.973616634
-6.090000,+134.893214796
-6.085000,+150.471104076
-6.080000,+167.054018471
-6.075000,+175.094219390
-6.070000,+167.054018471
-6.065000,+166.551505914
-6.060000,+174.591706833
-6.055000,+150.973616634
-6.050000,-97.770099295
-6.045000,-170.131907566
-6.040000,-178.172108484
-6.035000,-194.252510322
-6.030000,-194.755022880
-6.025000,-202.795223799
-6.020000,-194.755022880
-6.015000,-186.714821961
-6.010000,-194.755022880
-6.005000,-186.714821961
-6.000000,+102.229898563
-5.995000,+175.094219390
-5.990000,+159.013817552
-5.985000,+182.631907752
-5.980000,+191.174621228
-5.975000,+199.214822147
-5.970000,+191.174621228
-5.965000,+191.174621228
-5.960000,+191.174621228
-5.955000,+175.094219390
-5.950000,-113.850501133
-5.945000,-194.755022880
-5.940000,-202.795223799
-5.935000,-218.373113079
-5.930000,-218.875625636
-5.925000,-226.915826555
-5.920000,-218.875625636
-5.915000,-218.875625636
-5.910000,-218.875625636
-5.905000,-202.795223799
-5.900000,+118.310300400
-5.895000,+198.712309590
-5.890000,+183.134420309
-5.885000,+206.752510509
-5.880000,+230.873113265
-5.875000,+231.375625823
-5.870000,+222.832912346
-5.865000,+214.792711427
-5.860000,+222.832912346
-5.855000,+199.214822147
-5.850000,-121.890702052
-5.845000,-218.875625636
-5.840000,-226.413313998
-5.835000,-242.996228393
-5.830000,-251.036429312
-5.825000,-259.076630231
-5.820000,-242.996228393
-5.815000,-242.996228393
-5.810000,-234.956027474
-5.805000,-210.835424718
-5.800000,+126.350501319
-5.795000,+223.335424904
-5.790000,+207.255023066
-5.785000,+230.873113265
-5.780000,+255.496228579
-5.775000,+263.536429498
-5.770000,+239.415826742
-5.765000,+231.375625823
-5.760000,+223.335424904
-5.755000,+199.214822147
-5.750000,-137.971103890
-5.745000,-242.996228393
-5.740000,-251.036429312
-5.735000,-259.076630231
-5.730000,-274.654519511
-5.725000,-275.157032069
-5.720000,-266.614318592
-5.715000,-250.533916755
-5.710000,-242.996228393
-5.705000,-202.795223799
-5.700000,+142.430903157
-5.695000,+247.456027661
-5.690000,+239.415826742
-5.685000,+254.993716022
-5.680000,+271.576630417
-5.675000,+279.616831336
-5.670000,+255.496228579
-5.665000,+238.913314184
-5.660000,+223.335424904
-5.655000,+191.174621228
-5.650000,-137.971103890
-5.645000,-259.076630231
-5.640000,-267.116831150
-5.635000,-275.157032069
-5.630000,-282.694720430
-5.625000,-283.197232988
-5.620000,-267.116831150
-5.615000,-259.076630231
-5.610000,-242.996228393
-5.605000,-210.835424718
-5.600000,+142.430903157
-5.595000,+263.536429498
-5.590000,+247.456027661
-5.585000,+263.536429498
-5.580000,+271.576630417
-5.575000,+287.657032255
-5.570000,+263.033916941
-5.565000,+247.456027661
-5.560000,+231.375625823
-5.555000,+191.174621228
-5.550000,-154.051505728
-5.545000,-283.197232988
-5.540000,-291.237433907
-5.535000,-291.237433907
-5.530000,-283.197232988
-5.525000,-283.197232988
-5.520000,-275.157032069
-5.515000,-274.654519511
-5.510000,-251.036429312
-5.505000,-218.875625636
-5.500000,+158.511304995
-5.495000,+287.154519698
-5.490000,+263.536429498
-5.485000,+279.616831336
-5.480000,+271.576630417
-5.475000,+287.657032255
-5.470000,+271.074117860
-5.465000,+254.993716022
-5.460000,+231.375625823
-5.455000,+191.174621228
-5.450000,-162.091706647
-5.445000,-299.277634826
-5.440000,-307.317835744
-5.435000,-291.237433907
-5.430000,-275.157032069
-5.425000,-283.197232988
-5.420000,-290.734921349
-5.415000,-267.116831150
-5.410000,-266.614318592
-5.405000,-210.835424718
-5.400000,+158.511304995
-5.395000,+295.697233174
-5.390000,+279.616831336
-5.385000,+279.616831336
-5.380000,+271.074117860
-5.375000,+287.657032255
-5.370000,+271.576630417
-5.365000,+263.536429498
-5.360000,+231.375625823
-5.355000,+191.174621228
-5.350000,-170.131907566
-5.345000,-307.317835744
-5.340000,-323.398237582
-5.335000,-299.277634826
-5.330000,-275.157032069
-5.325000,-275.157032069
-5.320000,-290.734921349
-5.315000,-283.197232988
-5.310000,-259.076630231
-5.305000,-210.835424718
-5.300000,+174.591706833
-5.295000,+303.737434093
-5.290000,+295.697233174
-5.285000,+287.657032255
-5.280000,+263.536429498
-5.275000,+279.616831336
-5.270000,+279.616831336
-5.265000,+271.074117860
-5.260000,+239.415826742
-5.255000,+191.174621228
-5.250000,-170.131907566
-5.245000,-322.895725025
-5.240000,-330.935925944
-5.235000,-299.277634826
-5.230000,-275.157032069
-5.225000,-275.157032069
-5.220000,-298.775122268
-5.215000,-283.197232988
-5.210000,-267.116831150
-5.205000,-202.795223799
-5.200000,+166.551505914
-5.195000,+311.777635012
-5.190000,+303.737434093
-5.185000,+287.154519698
-5.180000,+263.536429498
-5.175000,+279.616831336
-5.170000,+279.616831336
-5.165000,+263.536429498
-5.160000,+239.415826742
-5.155000,+183.134420309
-5.150000,-178.172108484
-5.145000,-323.398237582
-5.140000,-331.438438501
-5.135000,-299.277634826
-5.130000,-267.116831150
-5.125000,-267.116831150
-5.120000,-298.775122268
-5.115000,-283.197232988
-5.110000,-267.116831150
-5.105000,-202.795223799
-5.100000,+174.591706833
-5.095000,+319.315323373
-5.090000,+311.777635012
-5.085000,+295.194720617
-5.080000,+255.496228579
-5.075000,+279.616831336
-5.070000,+279.616831336
-5.065000,+271.576630417
-5.060000,+246.953515103
-5.055000,+191.174621228
-5.050000,-178.172108484
-5.045000,-330.935925944
-5.040000,-339.478639420
-5.035000,-299.277634826
-5.030000,-267.116831150
-5.025000,-267.116831150
-5.020000,-299.277634826
-5.015000,-291.237433907
-5.010000,-275.157032069
-5.005000,-210.835424718
-5.000000,+166.551505914
-4.995000,+319.315323373
-4.990000,+303.737434093
-4.985000,+287.657032255
-4.980000,+255.496228579
-4.975000,+279.616831336
-4.970000,+279.616831336
-4.965000,+271.576630417
-4.960000,+247.456027661
-4.955000,+191.174621228
-4.950000,-170.131907566
-4.945000,-331.438438501
-4.940000,-331.438438501
-4.935000,-299.277634826
-4.930000,-267.116831150
-4.925000,-275.157032069
-4.920000,-298.775122268
-4.915000,-291.237433907
-4.910000,-275.157032069
-4.905000,-202.795223799
-4.900000,+174.591706833
-4.895000,+319.817835931
-4.890000,+303.737434093
-4.885000,+287.657032255
-4.880000,+255.496228579
-4.875000,+279.616831336
-4.870000,+279.616831336
-4.865000,+271.576630417
-4.860000,+239.415826742
-4.855000,+191.174621228
-4.850000,-170.131907566
-4.845000,-322.895725025
-4.840000,-339.478639420
-4.835000,-299.277634826
-4.830000,-274.654519511
-4.825000,-275.157032069
-4.820000,-298.775122268
-4.815000,-291.237433907
-4.810000,-267.116831150
-4.805000,-202.795223799
-4.800000,+158.511304995
-4.795000,+311.777635012
-4.790000,+303.737434093
-4.785000,+287.657032255
-4.780000,+263.033916941
-4.775000,+279.616831336
-4.770000,+279.114318779
-4.765000,+271.576630417
-4.760000,+239.415826742
-4.755000,+191.174621228
-4.750000,-170.131907566
-4.745000,-315.358036663
-4.740000,-323.398237582
-4.735000,-299.277634826
-4.730000,-274.654519511
-4.725000,-267.116831150
-4.720000,-290.734921349
-4.715000,-283.197232988
-4.710000,-267.116831150
-4.705000,-202.795223799
-4.700000,+166.551505914
-4.695000,+303.737434093
-4.690000,+287.657032255
-4.685000,+287.657032255
-4.680000,+247.456027661
-4.675000,+279.616831336
-4.670000,+271.576630417
-4.665000,+263.536429498
-4.660000,+239.415826742
-4.655000,+199.214822147
-4.650000,-162.091706647
-4.645000,-314.855524106
-4.640000,-315.358036663
-4.635000,-299.277634826
-4.630000,-275.157032069
-4.625000,-275.157032069
-4.620000,-291.237433907
-4.615000,-283.197232988
-4.610000,-259.076630231
-4.605000,-202.795223799
-4.600000,+150.471104076
-4.595000,+295.697233174
-4.590000,+287.657032255
-4.585000,+279.114318779
-4.580000,+271.074117860
-4.575000,+287.657032255
-4.570000,+271.576630417
-4.565000,+255.496228579
-4.560000,+239.415826742
-4.555000,+191.174621228
-4.550000,-154.051505728
-4.545000,-306.815323187
-4.540000,-307.317835744
-4.535000,-299.277634826
-4.530000,-275.157032069
-4.525000,-283.197232988
-4.520000,-282.694720430
-4.515000,-274.654519511
-4.510000,-259.076630231
-4.505000,-202.795223799
-4.500000,+150.471104076
-4.495000,+279.616831336
-4.490000,+271.576630417
-4.485000,+271.576630417
-4.480000,+263.536429498
-4.475000,+287.657032255
-4.470000,+263.536429498
-4.465000,+255.496228579
-4.460000,+223.335424904
-4.455000,+199.214822147
-4.450000,-137.971103890
-4.445000,-283.197232988
-4.440000,-291.237433907
-4.435000,-291.237433907
-4.430000,-275.157032069
-4.425000,-283.197232988
-4.420000,-267.116831150
-4.415000,-259.076630231
-4.410000,-251.036429312
-4.405000,-210.835424718
-4.400000,+134.390702238
-4.395000,+271.576630417
-4.390000,+255.496228579
-4.385000,+263.033916941
-4.380000,+263.536429498
-4.375000,+287.657032255
-4.370000,+255.496228579
-4.365000,+239.415826742
-4.360000,+223.335424904
-4.355000,+191.174621228
-4.350000,-129.930902971
-4.345000,-259.076630231
-4.340000,-275.157032069
-4.335000,-275.157032069
-4.330000,-283.197232988
-4.325000,-283.197232988
-4.320000,-267.116831150
-4.315000,-259.076630231
-4.310000,-242.996228393
-4.305000,-218.875625636
-4.300000,+126.350501319
-4.295000,+254.993716022
-4.290000,+231.375625823
-4.285000,+247.456027661
-4.280000,+263.536429498
-4.275000,+279.616831336
-4.270000,+255.496228579
-4.265000,+238.913314184
-4.260000,+223.335424904
-4.255000,+199.214822147
-4.250000,-113.850501133
-4.245000,-250.533916755
-4.240000,-251.036429312
-4.235000,-259.076630231
-4.230000,-266.614318592
-4.225000,-275.157032069
-4.220000,-259.076630231
-4.215000,-250.533916755
-4.210000,-242.996228393
-4.205000,-210.835424718
-4.200000,+110.270099482
-4.195000,+230.873113265
-4.190000,+207.255023066
-4.185000,+222.832912346
-4.180000,+254.993716022
-4.175000,+255.496228579
-4.170000,+238.913314184
-4.165000,+231.375625823
-4.160000,+215.295223985
-4.155000,+199.214822147
-4.150000,-105.810300214
-4.145000,-226.413313998
-4.140000,-226.915826555
-4.135000,-242.996228393
-4.130000,-251.036429312
-4.125000,-251.036429312
-4.120000,-242.996228393
-4.115000,-226.915826555
-4.110000,-234.956027474
-4.105000,-210.835424718
-4.100000,+94.189697644
-4.095000,+207.255023066
-4.090000,+183.134420309
-4.085000,+206.752510509
-4.080000,+230.873113265
-4.075000,+231.375625823
-4.070000,+207.255023066
-4.065000,+206.752510509
-4.060000,+207.255023066
-4.055000,+191.174621228
-4.050000,-89.729898376
-4.045000,-194.755022880
-4.040000,-202.292711241
-4.035000,-210.332912160
-4.030000,-226.413313998
-4.025000,-226.915826555
-4.020000,-210.835424718
-4.015000,-210.835424718
-4.010000,-202.795223799
-4.005000,-194.755022880
-4.000000,+86.149496725
-3.995000,+175.094219390
-3.990000,+159.013817552
-3.985000,+174.591706833
-3.980000,+191.174621228
-3.975000,+207.255023066
-3.970000,+182.631907752
-3.965000,+175.094219390
-3.960000,+183.134420309
-3.955000,+167.054018471
-3.950000,-81.689697457
-3.945000,-170.634420123
-3.940000,-170.634420123
-3.935000,-186.714821961
-3.930000,-186.714821961
-3.925000,-194.755022880
-3.920000,-186.212309403
-3.915000,-178.674621042
-3.910000,-178.674621042
-3.905000,-170.634420123
-3.900000,+78.109295806
-3.895000,+150.973616634
-3.890000,+142.933415715
-3.885000,+150.471104076
-3.880000,+159.013817552
-3.875000,+167.054018471
-3.870000,+150.973616634
-3.865000,+142.933415715
-3.860000,+150.973616634
-3.855000,+142.933415715
-3.850000,-65.609295620
-3.845000,-146.011304809
-3.840000,-138.473616447
-3.835000,-154.554018285
-3.830000,-162.594219204
-3.825000,-170.634420123
-3.820000,-154.051505728
-3.815000,-146.513817366
-3.810000,-154.051505728
-3.805000,-146.513817366
-3.800000,+62.028893968
-3.795000,+118.812812958
-3.790000,+118.310300400
-3.785000,+118.310300400
-3.780000,+126.853013877
-3.775000,+142.933415715
-3.770000,+126.350501319
-3.765000,+118.812812958
-3.760000,+118.812812958
-3.755000,+110.772612039
-3.750000,-65.609295620
-3.745000,-114.353013691
-3.740000,-114.353013691
-3.735000,-122.393214609
-3.730000,-122.393214609
-3.725000,-129.930902971
-3.720000,-114.353013691
-3.715000,-114.353013691
-3.710000,-114.353013691
-3.705000,-113.850501133
-3.700000,+45.948492130
-3.695000,+94.189697644
-3.690000,+86.652009282
-3.685000,+94.189697644
-3.680000,+94.692210201
-3.675000,+102.732411120
-3.670000,+86.652009282
-3.665000,+86.652009282
-3.660000,+86.652009282
-3.655000,+78.611808363
-3.650000,-41.488692863
-3.645000,-81.689697457
-3.640000,-82.192210015
-3.635000,-89.729898376
-3.630000,-82.192210015
-3.625000,-98.272611853
-3.620000,-82.192210015
-3.615000,-82.192210015
-3.610000,-89.729898376
-3.605000,-82.192210015
-3.600000,+29.868090292
-3.595000,+62.531406526
-3.590000,+54.491205607
-3.585000,+53.988693049
-3.580000,+70.069094887
-3.575000,+70.571607444
-3.570000,+54.491205607
-3.565000,+54.491205607
-3.560000,+54.491205607
-3.555000,+54.491205607
-3.550000,-33.448491944
-3.545000,-58.071607258
-3.540000,-50.031406339
-3.535000,-57.569094701
-3.530000,-58.071607258
-3.525000,-57.569094701
-3.520000,-50.031406339
-3.515000,-49.528893782
-3.510000,-50.031406339
-3.505000,-50.031406339
-3.500000,+13.787688455
-3.495000,+30.370602850
-3.490000,+30.370602850
-3.485000,+29.868090292
-3.480000,+22.330401931
-3.475000,+30.370602850
-3.470000,+22.330401931
-3.465000,+14.290201012
-3.460000,+21.827889374
-3.455000,+14.290201012
-3.450000,-17.368090106
-3.445000,-25.910803583
-3.440000,-17.870602664
-3.435000,-25.408291025
-3.430000,-17.870602664
-3.425000,-25.910803583
-3.420000,-17.870602664
-3.415000,-17.870602664
-3.410000,-17.870602664
-3.405000,-17.870602664
-3.400000,-1.790200826
-3.395000,-9.327889187
-3.390000,-9.327889187
-3.385000,-1.790200826
-3.380000,-1.790200826
-3.375000,-9.830401745
-3.370000,-9.830401745
-3.365000,-9.830401745
-3.360000,-17.368090106
-3.355000,-17.870602664
-3.350000,-1.790200826
-3.345000,+13.787688455
-3.340000,+6.250000093
-3.335000,+13.787688455
-3.330000,+14.290201012
-3.325000,+14.290201012
-3.320000,+22.330401931
-3.315000,+14.290201012
-3.310000,+14.290201012
-3.305000,+14.290201012
-3.300000,-25.408291025
-3.295000,-33.951004501
-3.290000,-33.951004501
-3.285000,-33.951004501
-3.280000,-49.528893782
-3.275000,-49.528893782
-3.270000,-41.991205420
-3.265000,-41.991205420
-3.260000,-50.031406339
-3.255000,-50.031406339
-3.250000,+13.787688455
-3.245000,+45.948492130
-3.240000,+38.410803769
-3.235000,+46.451004688
-3.230000,+46.451004688
-3.225000,+54.491205607
-3.220000,+46.451004688
-3.215000,+46.451004688
-3.210000,+54.491205607
-3.205000,+53.988693049
-3.200000,-33.448491944
-3.195000,-58.071607258
-3.190000,-58.071607258
-3.185000,-66.111808177
-3.180000,-66.111808177
-3.175000,-74.152009096
-3.170000,-81.689697457
-3.165000,-81.689697457
-3.160000,-82.192210015
-3.155000,-82.192210015
-3.150000,+29.868090292
-3.145000,+70.571607444
-3.140000,+70.571607444
-3.135000,+78.611808363
-3.130000,+86.652009282
-3.125000,+86.652009282
-3.120000,+78.611808363
-3.115000,+78.611808363
-3.110000,+86.149496725
-3.105000,+86.149496725
-3.100000,-49.528893782
-3.095000,-90.232410934
-3.090000,-90.232410934
-3.085000,-89.729898376
-3.080000,-113.850501133
-3.075000,-129.930902971
-3.070000,-106.312812772
-3.065000,-114.353013691
-3.060000,-114.353013691
-3.055000,-114.353013691
-3.050000,+45.948492130
-3.045000,+102.732411120
-3.040000,+102.732411120
-3.035000,+102.732411120
-3.030000,+118.812812958
-3.025000,+126.350501319
-3.020000,+110.772612039
-3.015000,+118.310300400
-3.010000,+110.772612039
-3.005000,+110.772612039
-3.000000,-57.569094701
-2.995000,-121.890702052
-2.990000,-114.353013691
-2.985000,-129.930902971
-2.980000,-138.473616447
-2.975000,-154.051505728
-2.970000,-138.473616447
-2.965000,-138.473616447
-2.960000,-146.011304809
-2.955000,-146.513817366
-2.950000,+53.988693049
-2.945000,+134.390702238
-2.940000,+134.390702238
-2.935000,+142.430903157
-2.930000,+150.471104076
-2.925000,+159.013817552
-2.920000,+142.933415715
-2.915000,+150.973616634
-2.910000,+142.933415715
-2.905000,+134.893214796
-2.900000,-73.649496539
-2.895000,-146.513817366
-2.890000,-146.513817366
-2.885000,-162.091706647
-2.880000,-178.172108484
-2.875000,-194.252510322
-2.870000,-170.131907566
-2.865000,-170.634420123
-2.860000,-170.634420123
-2.855000,-178.172108484
-2.850000,+62.028893968
-2.845000,+150.973616634
-2.840000,+159.013817552
-2.835000,+174.591706833
-2.830000,+183.134420309
-2.825000,+191.174621228
-2.820000,+175.094219390
-2.815000,+167.054018471
-2.810000,+175.094219390
-2.805000,+167.054018471
-2.800000,-81.689697457
-2.795000,-178.674621042
-2.790000,-170.634420123
-2.785000,-186.212309403
-2.780000,-202.795223799
-2.775000,-218.875625636
-2.770000,-202.795223799
-2.765000,-202.795223799
-2.760000,-202.795223799
-2.755000,-202.292711241
-2.750000,+70.069094887
-2.745000,+183.134420309
-2.740000,+183.134420309
-2.735000,+198.712309590
-2.730000,+215.295223985
-2.725000,+215.295223985
-2.720000,+199.214822147
-2.715000,+199.214822147
-2.710000,+199.214822147
-2.705000,+191.174621228
-2.700000,-97.770099295
-2.695000,-202.795223799
-2.690000,-178.674621042
-2.685000,-202.292711241
-2.680000,-234.956027474
-2.675000,-250.533916755
-2.670000,-226.915826555
-2.665000,-226.915826555
-2.660000,-226.915826555
-2.655000,-210.835424718
-2.650000,+70.069094887
-2.645000,+207.255023066
-2.640000,+214.792711427
-2.635000,+223.335424904
-2.630000,+239.415826742
-2.625000,+247.456027661
-2.620000,+223.335424904
-2.615000,+223.335424904
-2.610000,+215.295223985
-2.605000,+199.214822147
-2.600000,-105.810300214
-2.595000,-226.413313998
-2.590000,-218.875625636
-2.585000,-234.453514917
-2.580000,-259.076630231
-2.575000,-267.116831150
-2.570000,-251.036429312
-2.565000,-242.996228393
-2.560000,-234.956027474
-2.555000,-218.875625636
-2.550000,+86.149496725
-2.545000,+231.375625823
-2.540000,+238.913314184
-2.535000,+247.456027661
-2.530000,+263.033916941
-2.525000,+263.536429498
-2.520000,+247.456027661
-2.515000,+231.375625823
-2.510000,+223.335424904
-2.505000,+207.255023066
-2.500000,-105.810300214
-2.495000,-250.533916755
-2.490000,-234.956027474
-2.485000,-250.533916755
-2.480000,-275.157032069
-2.475000,-290.734921349
-2.470000,-267.116831150
-2.465000,-251.036429312
-2.460000,-242.996228393
-2.455000,-218.875625636
-2.450000,+94.189697644
-2.445000,+254.993716022
-2.440000,+263.033916941
-2.435000,+263.536429498
-2.430000,+271.576630417
-2.425000,+279.114318779
-2.420000,+247.456027661
-2.415000,+246.953515103
-2.410000,+223.335424904
-2.405000,+207.255023066
-2.400000,-121.890702052
-2.395000,-274.654519511
-2.390000,-251.036429312
-2.385000,-267.116831150
-2.380000,-283.197232988
-2.375000,-307.317835744
-2.370000,-275.157032069
-2.365000,-259.076630231
-2.360000,-242.996228393
-2.355000,-210.835424718
-2.350000,+110.270099482
-2.345000,+271.074117860
-2.340000,+287.154519698
-2.335000,+279.616831336
-2.330000,+271.074117860
-2.325000,+263.536429498
-2.320000,+263.536429498
-2.315000,+247.456027661
-2.310000,+239.415826742
-2.305000,+215.295223985
-2.300000,-121.890702052
-2.295000,-290.734921349
-2.290000,-275.157032069
-2.285000,-275.157032069
-2.280000,-290.734921349
-2.275000,-306.815323187
-2.270000,-283.197232988
-2.265000,-267.116831150
-2.260000,-242.996228393
-2.255000,-218.875625636
-2.250000,+118.310300400
-2.245000,+287.154519698
-2.240000,+287.657032255
-2.235000,+287.657032255
-2.230000,+263.536429498
-2.225000,+271.074117860
-2.220000,+271.576630417
-2.215000,+263.536429498
-2.210000,+247.456027661
-2.205000,+215.295223985
-2.200000,-129.930902971
-2.195000,-298.775122268
-2.190000,-290.734921349
-2.185000,-291.237433907
-2.180000,-282.694720430
-2.175000,-299.277634826
-2.170000,-283.197232988
-2.165000,-275.157032069
-2.160000,-242.996228393
-2.155000,-218.875625636
-2.150000,+118.310300400
-2.145000,+303.234921535
-2.140000,+311.275122454
-2.135000,+295.697233174
-2.130000,+271.576630417
-2.125000,+263.536429498
-2.120000,+271.576630417
-2.115000,+263.536429498
-2.110000,+255.496228579
-2.105000,+207.255023066
-2.100000,-137.971103890
-2.095000,-306.815323187
-2.090000,-307.317835744
-2.085000,-299.277634826
-2.080000,-282.694720430
-2.075000,-291.237433907
-2.070000,-290.734921349
-2.065000,-275.157032069
-2.060000,-242.996228393
-2.055000,-210.835424718
-2.050000,+126.350501319
-2.045000,+303.737434093
-2.040000,+319.817835931
-2.035000,+295.697233174
-2.030000,+255.496228579
-2.025000,+263.033916941
-2.020000,+279.114318779
-2.015000,+271.576630417
-2.010000,+255.496228579
-2.005000,+207.255023066
-2.000000,-137.971103890
-1.995000,-322.895725025
-1.990000,-307.317835744
-1.985000,-299.277634826
-1.980000,-275.157032069
-1.975000,-299.277634826
-1.970000,-283.197232988
-1.965000,-275.157032069
-1.960000,-258.574117674
-1.955000,-210.835424718
-1.950000,+126.350501319
-1.945000,+311.275122454
-1.940000,+319.817835931
-1.935000,+295.697233174
-1.930000,+255.496228579
-1.925000,+263.536429498
-1.920000,+279.616831336
-1.915000,+271.576630417
-1.910000,+263.033916941
-1.905000,+207.255023066
-1.900000,-137.971103890
-1.895000,-314.855524106
-1.890000,-315.358036663
-1.885000,-307.317835744
-1.880000,-275.157032069
-1.875000,-298.775122268
-1.870000,-291.237433907
-1.865000,-283.197232988
-1.860000,-251.036429312
-1.855000,-210.835424718
-1.850000,+134.390702238
-1.845000,+319.817835931
-1.840000,+327.858036850
-1.835000,+295.697233174
-1.830000,+255.496228579
-1.825000,+255.496228579
-1.820000,+279.114318779
-1.815000,+287.154519698
-1.810000,+255.496228579
-1.805000,+207.255023066
-1.800000,-137.971103890
-1.795000,-315.358036663
-1.790000,-307.317835744
-1.785000,-299.277634826
-1.780000,-267.116831150
-1.775000,-291.237433907
-1.770000,-291.237433907
-1.765000,-275.157032069
-1.760000,-266.614318592
-1.755000,-210.835424718
-1.750000,+126.350501319
-1.745000,+311.275122454
-1.740000,+327.355524292
-1.735000,+303.737434093
-1.730000,+254.993716022
-1.725000,+255.496228579
-1.720000,+271.576630417
-1.715000,+279.616831336
-1.710000,+263.536429498
-1.705000,+206.752510509
-1.700000,-129.930902971
-1.695000,-315.358036663
-1.690000,-314.855524106
-1.685000,-299.277634826
-1.680000,-275.157032069
-1.675000,-298.775122268
-1.670000,-283.197232988
-1.665000,-275.157032069
-1.660000,-258.574117674
-1.655000,-210.835424718
-1.650000,+126.350501319
-1.645000,+311.275122454
-1.640000,+319.817835931
-1.635000,+295.697233174
-1.630000,+263.033916941
-1.625000,+263.033916941
-1.620000,+279.114318779
-1.615000,+271.576630417
-1.610000,+255.496228579
-1.605000,+207.255023066
-1.600000,-129.930902971
-1.595000,-307.317835744
-1.590000,-299.277634826
-1.585000,-291.237433907
-1.580000,-282.694720430
-1.575000,-299.277634826
-1.570000,-290.734921349
-1.565000,-275.157032069
-1.560000,-258.574117674
-1.555000,-218.875625636
-1.550000,+118.310300400
-1.545000,+287.657032255
-1.540000,+303.737434093
-1.535000,+295.697233174
-1.530000,+263.033916941
-1.525000,+271.074117860
-1.520000,+263.536429498
-1.515000,+263.536429498
-1.510000,+247.456027661
-1.505000,+207.255023066
-1.500000,-121.890702052
-1.495000,-299.277634826
-1.490000,-291.237433907
-1.485000,-290.734921349
-1.480000,-282.694720430
-1.475000,-298.775122268
-1.470000,-283.197232988
-1.465000,-275.157032069
-1.460000,-242.996228393
-1.455000,-210.835424718
-1.450000,+110.270099482
-1.445000,+287.154519698
-1.440000,+295.697233174
-1.435000,+287.657032255
-1.430000,+271.074117860
-1.425000,+271.074117860
-1.420000,+271.576630417
-1.415000,+263.536429498
-1.410000,+239.415826742
-1.405000,+207.255023066
-1.400000,-113.850501133
-1.395000,-290.734921349
-1.390000,-275.157032069
-1.385000,-275.157032069
-1.380000,-283.197232988
-1.375000,-299.277634826
-1.370000,-275.157032069
-1.365000,-259.076630231
-1.360000,-242.996228393
-1.355000,-218.875625636
-1.350000,+94.189697644
-1.345000,+271.074117860
-1.340000,+287.154519698
-1.335000,+279.616831336
-1.330000,+263.536429498
-1.325000,+271.576630417
-1.320000,+255.496228579
-1.315000,+247.456027661
-1.310000,+239.415826742
-1.305000,+199.214822147
-1.300000,-113.850501133
-1.295000,-274.654519511
-1.290000,-267.116831150
-1.285000,-267.116831150
-1.280000,-290.734921349
-1.275000,-299.277634826
-1.270000,-275.157032069
-1.265000,-259.076630231
-1.260000,-242.996228393
-1.255000,-218.875625636
-1.250000,+86.149496725
-1.245000,+255.496228579
-1.240000,+263.033916941
-1.235000,+263.536429498
-1.230000,+263.536429498
-1.225000,+263.536429498
-1.220000,+255.496228579
-1.215000,+246.953515103
-1.210000,+231.375625823
-1.205000,+207.255023066
-1.200000,-97.770099295
-1.195000,-250.533916755
-1.190000,-242.996228393
-1.185000,-250.533916755
-1.180000,-275.157032069
-1.175000,-283.197232988
-1.170000,-259.076630231
-1.165000,-250.533916755
-1.160000,-234.956027474
-1.155000,-218.875625636
-1.150000,+62.028893968
-1.145000,+231.375625823
-1.140000,+239.415826742
-1.135000,+247.456027661
-1.130000,+255.496228579
-1.125000,+263.536429498
-1.120000,+246.953515103
-1.115000,+223.335424904
-1.110000,+223.335424904
-1.105000,+207.255023066
-1.100000,-81.689697457
-1.095000,-234.453514917
-1.090000,-218.875625636
-1.085000,-234.453514917
-1.080000,-258.574117674
-1.075000,-267.116831150
-1.070000,-251.036429312
-1.065000,-234.956027474
-1.060000,-234.956027474
-1.055000,-210.835424718
-1.050000,+62.028893968
-1.045000,+214.792711427
-1.040000,+207.255023066
-1.035000,+215.295223985
-1.030000,+231.375625823
-1.025000,+239.415826742
-1.020000,+223.335424904
-1.015000,+222.832912346
-1.010000,+207.255023066
-1.005000,+199.214822147
-1.000000,-81.689697457
-995.000E-09,-202.795223799
-990.000E-09,-194.755022880
-985.000E-09,-202.292711241
-980.000E-09,-226.915826555
-975.000E-09,-242.996228393
-970.000E-09,-218.875625636
-965.000E-09,-218.373113079
-960.000E-09,-218.875625636
-955.000E-09,-210.835424718
-950.000E-09,+45.948492130
-945.000E-09,+183.134420309
-940.000E-09,+190.672108671
-935.000E-09,+191.174621228
-930.000E-09,+199.214822147
-925.000E-09,+207.255023066
-920.000E-09,+191.174621228
-915.000E-09,+183.134420309
-910.000E-09,+183.134420309
-905.000E-09,+175.094219390
-900.000E-09,-57.569094701
-895.000E-09,-170.634420123
-890.000E-09,-170.634420123
-885.000E-09,-170.634420123
-880.000E-09,-194.755022880
-875.000E-09,-218.373113079
-870.000E-09,-194.252510322
-865.000E-09,-186.714821961
-860.000E-09,-194.755022880
-855.000E-09,-186.714821961
-850.000E-09,+37.908291211
-845.000E-09,+158.511304995
-840.000E-09,+150.973616634
-835.000E-09,+159.013817552
-830.000E-09,+167.054018471
-825.000E-09,+182.631907752
-820.000E-09,+159.013817552
-815.000E-09,+167.054018471
-810.000E-09,+158.511304995
-805.000E-09,+150.973616634
-800.000E-09,-57.569094701
-795.000E-09,-154.554018285
-790.000E-09,-138.473616447
-785.000E-09,-146.011304809
-780.000E-09,-170.131907566
-775.000E-09,-186.212309403
-770.000E-09,-162.594219204
-765.000E-09,-162.594219204
-760.000E-09,-170.131907566
-755.000E-09,-154.554018285
-750.000E-09,+21.827889374
-745.000E-09,+126.350501319
-740.000E-09,+126.853013877
-735.000E-09,+126.853013877
-730.000E-09,+134.893214796
-725.000E-09,+158.511304995
-720.000E-09,+134.893214796
-715.000E-09,+118.812812958
-710.000E-09,+126.853013877
-705.000E-09,+118.812812958
-700.000E-09,-33.448491944
-695.000E-09,-122.393214609
-690.000E-09,-114.353013691
-685.000E-09,-114.353013691
-680.000E-09,-138.473616447
-675.000E-09,-146.513817366
-670.000E-09,-122.393214609
-665.000E-09,-130.433415528
-660.000E-09,-130.433415528
-655.000E-09,-130.433415528
-650.000E-09,+21.827889374
-645.000E-09,+102.229898563
-640.000E-09,+102.732411120
-635.000E-09,+102.732411120
-630.000E-09,+118.812812958
-625.000E-09,+118.310300400
-620.000E-09,+102.732411120
-615.000E-09,+102.732411120
-610.000E-09,+94.692210201
-605.000E-09,+86.652009282
-600.000E-09,-33.448491944
-595.000E-09,-90.232410934
-590.000E-09,-82.192210015
-585.000E-09,-90.232410934
-580.000E-09,-106.312812772
-575.000E-09,-106.312812772
-570.000E-09,-98.272611853
-565.000E-09,-97.770099295
-560.000E-09,-98.272611853
-555.000E-09,-98.272611853
-550.000E-09,+6.250000093
-545.000E-09,+70.571607444
-540.000E-09,+70.069094887
-535.000E-09,+78.109295806
-530.000E-09,+78.109295806
-525.000E-09,+78.611808363
-520.000E-09,+62.531406526
-515.000E-09,+62.531406526
-510.000E-09,+62.531406526
-505.000E-09,+70.069094887
-500.000E-09,-17.368090106
-495.000E-09,-58.071607258
-490.000E-09,-66.111808177
-485.000E-09,-57.569094701
-480.000E-09,-73.649496539
-475.000E-09,-74.152009096
-470.000E-09,-58.071607258
-465.000E-09,-58.071607258
-460.000E-09,-66.111808177
-455.000E-09,-58.071607258
-450.000E-09,-1.790200826
-445.000E-09,+38.410803769
-440.000E-09,+38.410803769
-435.000E-09,+38.410803769
-430.000E-09,+38.410803769
-425.000E-09,+45.948492130
-420.000E-09,+37.908291211
-415.000E-09,+30.370602850
-410.000E-09,+22.330401931
-405.000E-09,+29.868090292
-400.000E-09,-9.327889187
-395.000E-09,-33.951004501
-390.000E-09,-33.448491944
-385.000E-09,-25.910803583
-380.000E-09,-41.991205420
-375.000E-09,-33.951004501
-370.000E-09,-33.448491944
-365.000E-09,-33.951004501
-360.000E-09,-33.951004501
-355.000E-09,-25.910803583
-350.000E-09,-9.830401745
-345.000E-09,+6.250000093
-340.000E-09,+6.250000093
-335.000E-09,+6.250000093
-330.000E-09,+6.250000093
-325.000E-09,+6.250000093
-320.000E-09,-9.327889187
-315.000E-09,-9.327889187
-310.000E-09,-9.830401745
-305.000E-09,-1.790200826
-300.000E-09,-9.327889187
-295.000E-09,-1.790200826
-290.000E-09,-1.790200826
-285.000E-09,+6.250000093
-280.000E-09,-1.287688268
-275.000E-09,-1.790200826
-270.000E-09,-1.287688268
-265.000E-09,-1.790200826
-260.000E-09,+6.250000093
-255.000E-09,-1.790200826
-250.000E-09,-9.327889187
-245.000E-09,-17.870602664
-240.000E-09,-25.408291025
-235.000E-09,-25.910803583
-230.000E-09,-25.910803583
-225.000E-09,-33.951004501
-220.000E-09,-33.951004501
-215.000E-09,-33.951004501
-210.000E-09,-41.488692863
-205.000E-09,-41.488692863
-200.000E-09,-1.790200826
-195.000E-09,+30.370602850
-190.000E-09,+30.370602850
-185.000E-09,+21.827889374
-180.000E-09,+30.370602850
-175.000E-09,+38.410803769
-170.000E-09,+30.370602850
-165.000E-09,+37.908291211
-160.000E-09,+37.908291211
-155.000E-09,+38.410803769
-150.000E-09,-17.368090106
-145.000E-09,-50.031406339
-140.000E-09,-58.071607258
-135.000E-09,-57.569094701
-130.000E-09,-66.111808177
-125.000E-09,-66.111808177
-120.000E-09,-65.609295620
-115.000E-09,-66.111808177
-110.000E-09,-66.111808177
-105.000E-09,-74.152009096
-100.000E-09,-1.790200826
-95.000E-09,+62.028893968
-90.000E-09,+62.531406526
-85.000E-09,+54.491205607
-80.000E-09,+70.571607444
-75.000E-09,+70.571607444
-70.000E-09,+70.571607444
-65.000E-09,+70.571607444
-60.000E-09,+78.109295806
-55.000E-09,+70.571607444
-50.000E-09,-25.408291025
-45.000E-09,-82.192210015
-40.000E-09,-82.192210015
-35.000E-09,-90.232410934
-30.000E-09,-98.272611853
-25.000E-09,-98.272611853
-20.000E-09,-98.272611853
-15.000E-09,-98.272611853
-10.000E-09,-106.312812772
-5.000E-09,-105.810300214
-0.0E+00,+13.787688455
+5.000E-09,+78.611808363
+10.000E-09,+86.652009282
+15.000E-09,+86.149496725
+20.000E-09,+110.270099482
+25.000E-09,+118.310300400
+30.000E-09,+94.692210201
+35.000E-09,+110.270099482
+40.000E-09,+102.732411120
+45.000E-09,+102.732411120
+50.000E-09,-25.408291025
+55.000E-09,-106.312812772
+60.000E-09,-114.353013691
+65.000E-09,-122.393214609
+70.000E-09,-137.971103890
+75.000E-09,-138.473616447
+80.000E-09,-137.971103890
+85.000E-09,-130.433415528
+90.000E-09,-138.473616447
+95.000E-09,-130.433415528
+100.000E-09,+21.827889374
+105.000E-09,+118.310300400
+110.000E-09,+118.812812958
+115.000E-09,+118.310300400
+120.000E-09,+134.893214796
+125.000E-09,+142.933415715
+130.000E-09,+126.853013877
+135.000E-09,+134.893214796
+140.000E-09,+134.893214796
+145.000E-09,+126.853013877
+150.000E-09,-33.448491944
+155.000E-09,-138.473616447
+160.000E-09,-146.011304809
+165.000E-09,-154.051505728
+170.000E-09,-162.594219204
+175.000E-09,-170.634420123
+180.000E-09,-162.594219204
+185.000E-09,-162.594219204
+190.000E-09,-162.594219204
+195.000E-09,-170.131907566
+200.000E-09,+29.868090292
+205.000E-09,+142.933415715
+210.000E-09,+150.973616634
+215.000E-09,+142.430903157
+220.000E-09,+167.054018471
+225.000E-09,+175.094219390
+230.000E-09,+159.013817552
+235.000E-09,+159.013817552
+240.000E-09,+167.054018471
+245.000E-09,+159.013817552
+250.000E-09,-41.488692863
+255.000E-09,-162.594219204
+260.000E-09,-170.634420123
+265.000E-09,-186.212309403
+270.000E-09,-194.755022880
+275.000E-09,-202.795223799
+280.000E-09,-202.292711241
+285.000E-09,-194.755022880
+290.000E-09,-194.755022880
+295.000E-09,-194.755022880
+300.000E-09,+37.908291211
+305.000E-09,+175.094219390
+310.000E-09,+175.094219390
+315.000E-09,+174.591706833
+320.000E-09,+199.214822147
+325.000E-09,+215.295223985
+330.000E-09,+191.174621228
+335.000E-09,+191.174621228
+340.000E-09,+198.712309590
+345.000E-09,+191.174621228
+350.000E-09,-49.528893782
+355.000E-09,-194.252510322
+360.000E-09,-194.755022880
+365.000E-09,-210.835424718
+370.000E-09,-226.413313998
+375.000E-09,-234.956027474
+380.000E-09,-218.875625636
+385.000E-09,-218.875625636
+390.000E-09,-218.875625636
+395.000E-09,-210.835424718
+400.000E-09,+45.948492130
+405.000E-09,+199.214822147
+410.000E-09,+191.174621228
+415.000E-09,+190.672108671
+420.000E-09,+223.335424904
+425.000E-09,+247.456027661
+430.000E-09,+215.295223985
+435.000E-09,+214.792711427
+440.000E-09,+222.832912346
+445.000E-09,+207.255023066
+450.000E-09,-57.569094701
+455.000E-09,-210.835424718
+460.000E-09,-226.915826555
+465.000E-09,-234.956027474
+470.000E-09,-250.533916755
+475.000E-09,-259.076630231
+480.000E-09,-242.996228393
+485.000E-09,-242.996228393
+490.000E-09,-242.493715836
+495.000E-09,-218.875625636
+500.000E-09,+45.948492130
+505.000E-09,+223.335424904
+510.000E-09,+223.335424904
+515.000E-09,+214.792711427
+520.000E-09,+247.456027661
+525.000E-09,+263.536429498
+530.000E-09,+239.415826742
+535.000E-09,+231.375625823
+540.000E-09,+230.873113265
+545.000E-09,+207.255023066
+550.000E-09,-65.609295620
+555.000E-09,-242.996228393
+560.000E-09,-250.533916755
+565.000E-09,-266.614318592
+570.000E-09,-267.116831150
+575.000E-09,-275.157032069
+580.000E-09,-266.614318592
+585.000E-09,-251.036429312
+590.000E-09,-242.996228393
+595.000E-09,-226.915826555
+600.000E-09,+62.028893968
+605.000E-09,+246.953515103
+610.000E-09,+239.415826742
+615.000E-09,+231.375625823
+620.000E-09,+263.536429498
+625.000E-09,+287.154519698
+630.000E-09,+255.496228579
+635.000E-09,+247.456027661
+640.000E-09,+223.335424904
+645.000E-09,+207.255023066
+650.000E-09,-73.649496539
+655.000E-09,-259.076630231
+660.000E-09,-267.116831150
+665.000E-09,-283.197232988
+670.000E-09,-282.694720430
+675.000E-09,-283.197232988
+680.000E-09,-267.116831150
+685.000E-09,-259.076630231
+690.000E-09,-251.036429312
+695.000E-09,-226.915826555
+700.000E-09,+70.069094887
+705.000E-09,+263.536429498
+710.000E-09,+255.496228579
+715.000E-09,+255.496228579
+720.000E-09,+263.536429498
+725.000E-09,+287.154519698
+730.000E-09,+263.536429498
+735.000E-09,+247.456027661
+740.000E-09,+230.873113265
+745.000E-09,+207.255023066
+750.000E-09,-81.689697457
+755.000E-09,-275.157032069
+760.000E-09,-298.775122268
+765.000E-09,-299.277634826
+770.000E-09,-283.197232988
+775.000E-09,-291.237433907
+780.000E-09,-267.116831150
+785.000E-09,-266.614318592
+790.000E-09,-251.036429312
+795.000E-09,-226.915826555
+800.000E-09,+78.109295806
+805.000E-09,+279.616831336
+810.000E-09,+279.616831336
+815.000E-09,+271.074117860
+820.000E-09,+271.074117860
+825.000E-09,+287.657032255
+830.000E-09,+271.576630417
+835.000E-09,+255.496228579
+840.000E-09,+231.375625823
+845.000E-09,+207.255023066
+850.000E-09,-81.689697457
+855.000E-09,-291.237433907
+860.000E-09,-307.317835744
+865.000E-09,-307.317835744
+870.000E-09,-282.694720430
+875.000E-09,-283.197232988
+880.000E-09,-282.694720430
+885.000E-09,-275.157032069
+890.000E-09,-259.076630231
+895.000E-09,-226.915826555
+900.000E-09,+78.109295806
+905.000E-09,+295.697233174
+910.000E-09,+295.697233174
+915.000E-09,+279.616831336
+920.000E-09,+263.536429498
+925.000E-09,+279.616831336
+930.000E-09,+271.576630417
+935.000E-09,+263.536429498
+940.000E-09,+239.415826742
+945.000E-09,+207.255023066
+950.000E-09,-97.770099295
+955.000E-09,-307.317835744
+960.000E-09,-323.398237582
+965.000E-09,-315.358036663
+970.000E-09,-275.157032069
+975.000E-09,-275.157032069
+980.000E-09,-283.197232988
+985.000E-09,-283.197232988
+990.000E-09,-267.116831150
+995.000E-09,-226.915826555
+1.000000,+70.069094887
+1.005000,+295.697233174
+1.010000,+303.737434093
+1.015000,+287.154519698
+1.020000,+263.033916941
+1.025000,+279.616831336
+1.030000,+279.616831336
+1.035000,+271.576630417
+1.040000,+239.415826742
+1.045000,+215.295223985
+1.050000,-97.770099295
+1.055000,-314.855524106
+1.060000,-323.398237582
+1.065000,-315.358036663
+1.070000,-275.157032069
+1.075000,-267.116831150
+1.080000,-290.734921349
+1.085000,-290.734921349
+1.090000,-275.157032069
+1.095000,-226.915826555
+1.100000,+86.149496725
+1.105000,+311.777635012
+1.110000,+303.737434093
+1.115000,+295.697233174
+1.120000,+255.496228579
+1.125000,+279.114318779
+1.130000,+271.576630417
+1.135000,+271.576630417
+1.140000,+254.993716022
+1.145000,+207.255023066
+1.150000,-89.729898376
+1.155000,-322.895725025
+1.160000,-338.976126863
+1.165000,-323.398237582
+1.170000,-275.157032069
+1.175000,-267.116831150
+1.180000,-290.734921349
+1.185000,-291.237433907
+1.190000,-275.157032069
+1.195000,-218.875625636
+1.200000,+78.109295806
+1.205000,+311.777635012
+1.210000,+311.777635012
+1.215000,+287.657032255
+1.220000,+255.496228579
+1.225000,+279.114318779
+1.230000,+279.114318779
+1.235000,+279.616831336
+1.240000,+247.456027661
+1.245000,+207.255023066
+1.250000,-97.770099295
+1.255000,-323.398237582
+1.260000,-339.478639420
+1.265000,-323.398237582
+1.270000,-267.116831150
+1.275000,-267.116831150
+1.280000,-291.237433907
+1.285000,-291.237433907
+1.290000,-275.157032069
+1.295000,-226.915826555
+1.300000,+78.109295806
+1.305000,+311.777635012
+1.310000,+319.817835931
+1.315000,+295.697233174
+1.320000,+255.496228579
+1.325000,+279.114318779
+1.330000,+279.616831336
+1.335000,+279.616831336
+1.340000,+247.456027661
+1.345000,+215.295223985
+1.350000,-97.770099295
+1.355000,-330.935925944
+1.360000,-347.016327782
+1.365000,-331.438438501
+1.370000,-274.654519511
+1.375000,-267.116831150
+1.380000,-291.237433907
+1.385000,-291.237433907
+1.390000,-275.157032069
+1.395000,-218.875625636
+1.400000,+78.109295806
+1.405000,+311.275122454
+1.410000,+319.817835931
+1.415000,+295.194720617
+1.420000,+263.033916941
+1.425000,+279.114318779
+1.430000,+271.576630417
+1.435000,+271.576630417
+1.440000,+247.456027661
+1.445000,+207.255023066
+1.450000,-97.770099295
+1.455000,-322.895725025
+1.460000,-331.438438501
+1.465000,-315.358036663
+1.470000,-274.654519511
+1.475000,-275.157032069
+1.480000,-290.734921349
+1.485000,-291.237433907
+1.490000,-275.157032069
+1.495000,-226.915826555
+1.500000,+78.109295806
+1.505000,+311.777635012
+1.510000,+311.777635012
+1.515000,+295.697233174
+1.520000,+255.496228579
+1.525000,+279.114318779
+1.530000,+279.616831336
+1.535000,+279.114318779
+1.540000,+247.456027661
+1.545000,+207.255023066
+1.550000,-81.689697457
+1.555000,-315.358036663
+1.560000,-338.976126863
+1.565000,-323.398237582
+1.570000,-274.654519511
+1.575000,-275.157032069
+1.580000,-290.734921349
+1.585000,-283.197232988
+1.590000,-267.116831150
+1.595000,-218.875625636
+1.600000,+70.069094887
+1.605000,+303.737434093
+1.610000,+303.737434093
+1.615000,+279.616831336
+1.620000,+263.033916941
+1.625000,+279.616831336
+1.630000,+271.576630417
+1.635000,+271.576630417
+1.640000,+239.415826742
+1.645000,+215.295223985
+1.650000,-81.689697457
+1.655000,-307.317835744
+1.660000,-315.358036663
+1.665000,-315.358036663
+1.670000,-274.654519511
+1.675000,-275.157032069
+1.680000,-282.694720430
+1.685000,-283.197232988
+1.690000,-266.614318592
+1.695000,-226.915826555
+1.700000,+70.069094887
+1.705000,+287.154519698
+1.710000,+295.697233174
+1.715000,+279.114318779
+1.720000,+263.536429498
+1.725000,+279.616831336
+1.730000,+271.576630417
+1.735000,+263.536429498
+1.740000,+238.913314184
+1.745000,+207.255023066
+1.750000,-81.689697457
+1.755000,-291.237433907
+1.760000,-314.855524106
+1.765000,-307.317835744
+1.770000,-275.157032069
+1.775000,-275.157032069
+1.780000,-275.157032069
+1.785000,-275.157032069
+1.790000,-266.614318592
+1.795000,-226.915826555
+1.800000,+62.028893968
+1.805000,+279.616831336
+1.810000,+279.616831336
+1.815000,+271.074117860
+1.820000,+279.114318779
+1.825000,+287.657032255
+1.830000,+263.536429498
+1.835000,+255.496228579
+1.840000,+231.375625823
+1.845000,+215.295223985
+1.850000,-65.609295620
+1.855000,-283.197232988
+1.860000,-291.237433907
+1.865000,-299.277634826
+1.870000,-275.157032069
+1.875000,-283.197232988
+1.880000,-275.157032069
+1.885000,-274.654519511
+1.890000,-251.036429312
+1.895000,-234.453514917
+1.900000,+53.988693049
+1.905000,+263.536429498
+1.910000,+263.536429498
+1.915000,+247.456027661
+1.920000,+263.536429498
+1.925000,+279.616831336
+1.930000,+263.536429498
+1.935000,+247.456027661
+1.940000,+223.335424904
+1.945000,+207.255023066
+1.950000,-65.609295620
+1.955000,-259.076630231
+1.960000,-274.654519511
+1.965000,-282.694720430
+1.970000,-275.157032069
+1.975000,-283.197232988
+1.980000,-259.076630231
+1.985000,-259.076630231
+1.990000,-242.996228393
+1.995000,-226.915826555
+2.000000,+45.948492130
+2.005000,+247.456027661
+2.010000,+239.415826742
+2.015000,+230.873113265
+2.020000,+263.033916941
+2.025000,+279.616831336
+2.030000,+247.456027661
+2.035000,+239.415826742
+2.040000,+223.335424904
+2.045000,+207.255023066
+2.050000,-41.488692863
+2.055000,-242.996228393
+2.060000,-258.574117674
+2.065000,-259.076630231
+2.070000,-267.116831150
+2.075000,-274.654519511
+2.080000,-266.614318592
+2.085000,-251.036429312
+2.090000,-242.493715836
+2.095000,-226.915826555
+2.100000,+29.868090292
+2.105000,+223.335424904
+2.110000,+215.295223985
+2.115000,+214.792711427
+2.120000,+246.953515103
+2.125000,+255.496228579
+2.130000,+231.375625823
+2.135000,+223.335424904
+2.140000,+222.832912346
+2.145000,+207.255023066
+2.150000,-41.488692863
+2.155000,-218.875625636
+2.160000,-226.915826555
+2.165000,-234.453514917
+2.170000,-242.996228393
+2.175000,-251.036429312
+2.180000,-234.956027474
+2.185000,-234.956027474
+2.190000,-226.915826555
+2.195000,-210.835424718
+2.200000,+21.827889374
+2.205000,+199.214822147
+2.210000,+191.174621228
+2.215000,+183.134420309
+2.220000,+223.335424904
+2.225000,+239.415826742
+2.230000,+207.255023066
+2.235000,+199.214822147
+2.240000,+207.255023066
+2.245000,+191.174621228
+2.250000,-25.408291025
+2.255000,-194.755022880
+2.260000,-194.755022880
+2.265000,-210.835424718
+2.270000,-218.373113079
+2.275000,-226.915826555
+2.280000,-210.835424718
+2.285000,-202.795223799
+2.290000,-210.332912160
+2.295000,-194.755022880
+2.300000,+13.787688455
+2.305000,+175.094219390
+2.310000,+175.094219390
+2.315000,+159.013817552
+2.320000,+191.174621228
+2.325000,+199.214822147
+2.330000,+183.134420309
+2.335000,+175.094219390
+2.340000,+175.094219390
+2.345000,+167.054018471
+2.350000,-17.368090106
+2.355000,-170.634420123
+2.360000,-178.172108484
+2.365000,-178.172108484
+2.370000,-186.714821961
+2.375000,-194.755022880
+2.380000,-186.212309403
+2.385000,-170.634420123
+2.390000,-178.674621042
+2.395000,-170.634420123
+2.400000,-1.790200826
+2.405000,+134.893214796
+2.410000,+142.933415715
+2.415000,+134.390702238
+2.420000,+166.551505914
+2.425000,+175.094219390
+2.430000,+150.973616634
+2.435000,+150.973616634
+2.440000,+150.973616634
+2.445000,+134.893214796
+2.450000,-9.327889187
+2.455000,-138.473616447
+2.460000,-138.473616447
+2.465000,-146.513817366
+2.470000,-154.554018285
+2.475000,-170.131907566
+2.480000,-154.051505728
+2.485000,-154.554018285
+2.490000,-146.513817366
+2.495000,-146.513817366
+2.500000,-1.790200826
+2.505000,+118.812812958
+2.510000,+118.812812958
+2.515000,+110.270099482
+2.520000,+126.853013877
+2.525000,+134.893214796
+2.530000,+118.812812958
+2.535000,+118.310300400
+2.540000,+118.812812958
+2.545000,+110.772612039
+2.550000,-1.287688268
+2.555000,-106.312812772
+2.560000,-106.312812772
+2.565000,-114.353013691
+2.570000,-121.890702052
+2.575000,-129.930902971
+2.580000,-114.353013691
+2.585000,-121.890702052
+2.590000,-106.312812772
+2.595000,-106.312812772
+2.600000,-17.870602664
+2.605000,+86.652009282
+2.610000,+94.692210201
+2.615000,+86.149496725
+2.620000,+94.692210201
+2.625000,+110.270099482
+2.630000,+78.611808363
+2.635000,+86.652009282
+2.640000,+78.611808363
+2.645000,+70.571607444
+2.650000,+6.250000093
+2.655000,-81.689697457
+2.660000,-82.192210015
+2.665000,-82.192210015
+2.670000,-90.232410934
+2.675000,-90.232410934
+2.680000,-82.192210015
+2.685000,-89.729898376
+2.690000,-82.192210015
+2.695000,-82.192210015
+2.700000,-17.870602664
+2.705000,+62.531406526
+2.710000,+54.491205607
+2.715000,+46.451004688
+2.720000,+62.531406526
+2.725000,+70.069094887
+2.730000,+54.491205607
+2.735000,+46.451004688
+2.740000,+53.988693049
+2.745000,+46.451004688
+2.750000,+6.250000093
+2.755000,-50.031406339
+2.760000,-49.528893782
+2.765000,-57.569094701
+2.770000,-50.031406339
+2.775000,-58.071607258
+2.780000,-50.031406339
+2.785000,-50.031406339
