x-axis,1,2
second,Volt,Volt
-1.00000E-03,-60.30155E-03,+32.21486E-03
-999.00E-06,-10.05029E-03,-63.26252E-03
-998.00E-06,-130.65331E-03,+7.08924E-03
-997.00E-06,-60.30155E-03,+47.29024E-03
-996.00E-06,-75.37693E-03,+17.13949E-03
-995.00E-06,+20.10046E-03,-88.38815E-03
-994.00E-06,+5.02508E-03,-48.18715E-03
-993.00E-06,+20.10046E-03,-63.26252E-03
-992.00E-06,-50.25130E-03,-63.26252E-03
-991.00E-06,-35.17592E-03,-193.91579E-03
-990.00E-06,+5.02508E-03,-143.66453E-03
-989.00E-06,+45.22609E-03,-113.51378E-03
-988.00E-06,+20.10046E-03,-143.66453E-03
-987.00E-06,+20.10046E-03,-143.66453E-03
-986.00E-06,+165.82910E-03,-128.58915E-03
-985.00E-06,+125.62810E-03,-143.66453E-03
-984.00E-06,+100.50247E-03,-153.71478E-03
-983.00E-06,+100.50247E-03,-143.66453E-03
-982.00E-06,+100.50247E-03,-208.99116E-03
-981.00E-06,+150.75372E-03,-168.79016E-03
-980.00E-06,+100.50247E-03,-224.06654E-03
-979.00E-06,+180.90448E-03,-224.06654E-03
-978.00E-06,+180.90448E-03,-289.39317E-03
-977.00E-06,+125.62810E-03,-274.31780E-03
-976.00E-06,+165.82910E-03,-234.11679E-03
-975.00E-06,+206.03011E-03,-249.19217E-03
-974.00E-06,+180.90448E-03,-304.46855E-03
-973.00E-06,+206.03011E-03,-304.46855E-03
-972.00E-06,+261.30649E-03,-304.46855E-03
-971.00E-06,+206.03011E-03,-354.71981E-03
-970.00E-06,+246.23111E-03,-304.46855E-03
-969.00E-06,+261.30649E-03,-384.87056E-03
-968.00E-06,+311.55774E-03,-384.87056E-03
-967.00E-06,+286.43211E-03,-384.87056E-03
-966.00E-06,+341.70850E-03,-384.87056E-03
-965.00E-06,+341.70850E-03,-435.12181E-03
-964.00E-06,+407.03513E-03,-384.87056E-03
-963.00E-06,+311.55774E-03,-465.27257E-03
-962.00E-06,+351.75875E-03,-450.19719E-03
-961.00E-06,+341.70850E-03,-384.87056E-03
-960.00E-06,+341.70850E-03,-465.27257E-03
-959.00E-06,+422.11051E-03,-465.27257E-03
-958.00E-06,+422.11051E-03,-475.32282E-03
-957.00E-06,+391.95975E-03,-465.27257E-03
-956.00E-06,+472.36176E-03,-475.32282E-03
-955.00E-06,+422.11051E-03,-465.27257E-03
-954.00E-06,+432.16076E-03,-611.00121E-03
-953.00E-06,+447.23613E-03,-545.67458E-03
-952.00E-06,+432.16076E-03,-545.67458E-03
-951.00E-06,+527.63814E-03,-595.92583E-03
-950.00E-06,+502.51251E-03,-545.67458E-03
-949.00E-06,+472.36176E-03,-626.07659E-03
-948.00E-06,+502.51251E-03,-611.00121E-03
-947.00E-06,+502.51251E-03,-676.32784E-03
-946.00E-06,+582.91452E-03,-636.12684E-03
-945.00E-06,+552.76377E-03,-595.92583E-03
-944.00E-06,+582.91452E-03,-691.40322E-03
-943.00E-06,+527.63814E-03,-570.80021E-03
-942.00E-06,+592.96477E-03,-691.40322E-03
-941.00E-06,+608.04015E-03,-731.60422E-03
-940.00E-06,+582.91452E-03,-691.40322E-03
-939.00E-06,+688.44216E-03,-706.47860E-03
-938.00E-06,+648.24116E-03,-706.47860E-03
-937.00E-06,+663.31653E-03,-786.88060E-03
-936.00E-06,+663.31653E-03,-706.47860E-03
-935.00E-06,+743.71854E-03,-756.72985E-03
-934.00E-06,+743.71854E-03,-771.80523E-03
-933.00E-06,+743.71854E-03,-837.13186E-03
-932.00E-06,+743.71854E-03,-867.28261E-03
-931.00E-06,+688.44216E-03,-837.13186E-03
-930.00E-06,+728.64317E-03,-786.88060E-03
-929.00E-06,+713.56779E-03,-837.13186E-03
-928.00E-06,+809.04517E-03,-796.93086E-03
-927.00E-06,+824.12055E-03,-837.13186E-03
-926.00E-06,+809.04517E-03,-867.28261E-03
-925.00E-06,+768.84417E-03,-867.28261E-03
-924.00E-06,+824.12055E-03,-867.28261E-03
-923.00E-06,+793.96980E-03,-947.68462E-03
-922.00E-06,+834.17080E-03,-947.68462E-03
-921.00E-06,+824.12055E-03,-947.68462E-03
-920.00E-06,+824.12055E-03,-932.60925E-03
-919.00E-06,+904.52256E-03,-972.81025E-03
-918.00E-06,+904.52256E-03,-932.60925E-03
-917.00E-06,+929.64819E-03,-972.81025E-03
-916.00E-06,+904.52256E-03,-1.01301126E+00
-915.00E-06,+904.52256E-03,-972.81025E-03
-914.00E-06,+969.84919E-03,-1.02808663E+00
-913.00E-06,+929.64819E-03,-997.93588E-03
-912.00E-06,+984.92457E-03,-957.73487E-03
-911.00E-06,+954.77382E-03,-1.02808663E+00
-910.00E-06,+969.84919E-03,-1.02808663E+00
-909.00E-06,+904.52256E-03,-1.10848864E+00
-908.00E-06,+984.92457E-03,-1.10848864E+00
-907.00E-06,+954.77382E-03,-1.05321226E+00
-906.00E-06,+1.06532658E+00,-1.10848864E+00
-905.00E-06,+1.06532658E+00,-1.05321226E+00
-904.00E-06,+1.06532658E+00,-1.02808663E+00
-903.00E-06,+1.06532658E+00,-1.10848864E+00
-902.00E-06,+1.06532658E+00,-1.11853889E+00
-901.00E-06,+1.06532658E+00,-1.13361427E+00
-900.00E-06,+994.97482E-03,-1.17381527E+00
-899.00E-06,+1.14572859E+00,-1.18889065E+00
-898.00E-06,+1.14572859E+00,-1.18889065E+00
-897.00E-06,+1.14572859E+00,-1.13361427E+00
-896.00E-06,+1.07537683E+00,-1.18889065E+00
-895.00E-06,+1.11557783E+00,-1.18889065E+00
-894.00E-06,+1.15577884E+00,-1.25421728E+00
-893.00E-06,+1.17085422E+00,-1.21401628E+00
-892.00E-06,+1.14572859E+00,-1.25421728E+00
-891.00E-06,+1.09045221E+00,-1.26929266E+00
-890.00E-06,+1.14572859E+00,-1.19894090E+00
-889.00E-06,+1.14572859E+00,-1.26929266E+00
-888.00E-06,+1.14572859E+00,-1.25421728E+00
-887.00E-06,+1.19597984E+00,-1.21401628E+00
-886.00E-06,+1.22613060E+00,-1.27934291E+00
-885.00E-06,+1.22613060E+00,-1.26929266E+00
-884.00E-06,+1.30653261E+00,-1.33461929E+00
-883.00E-06,+1.30653261E+00,-1.34969467E+00
-882.00E-06,+1.22613060E+00,-1.34969467E+00
-881.00E-06,+1.30653261E+00,-1.31954392E+00
-880.00E-06,+1.27638185E+00,-1.34969467E+00
-879.00E-06,+1.35678386E+00,-1.34969467E+00
-878.00E-06,+1.30653261E+00,-1.34969467E+00
-877.00E-06,+1.27638185E+00,-1.39994592E+00
-876.00E-06,+1.30653261E+00,-1.35974492E+00
-875.00E-06,+1.35678386E+00,-1.37482030E+00
-874.00E-06,+1.38693462E+00,-1.43009668E+00
-873.00E-06,+1.30653261E+00,-1.43009668E+00
-872.00E-06,+1.30653261E+00,-1.41502130E+00
-871.00E-06,+1.33165823E+00,-1.51049869E+00
-870.00E-06,+1.38693462E+00,-1.44014693E+00
-869.00E-06,+1.35678386E+00,-1.45522231E+00
-868.00E-06,+1.37185924E+00,-1.43009668E+00
-867.00E-06,+1.38693462E+00,-1.51049869E+00
-866.00E-06,+1.45226125E+00,-1.51049869E+00
-865.00E-06,+1.43718587E+00,-1.45522231E+00
-864.00E-06,+1.46733662E+00,-1.51049869E+00
-863.00E-06,+1.46733662E+00,-1.53562432E+00
-862.00E-06,+1.46733662E+00,-1.44014693E+00
-861.00E-06,+1.38693462E+00,-1.53562432E+00
-860.00E-06,+1.39698487E+00,-1.52054894E+00
-859.00E-06,+1.43718587E+00,-1.51049869E+00
-858.00E-06,+1.41206024E+00,-1.49542331E+00
-857.00E-06,+1.49246225E+00,-1.53562432E+00
-856.00E-06,+1.46733662E+00,-1.59090070E+00
-855.00E-06,+1.43718587E+00,-1.61602632E+00
-854.00E-06,+1.47738688E+00,-1.59090070E+00
-853.00E-06,+1.54773863E+00,-1.59090070E+00
-852.00E-06,+1.47738688E+00,-1.59090070E+00
-851.00E-06,+1.57286426E+00,-1.53562432E+00
-850.00E-06,+1.54773863E+00,-1.59090070E+00
-849.00E-06,+1.49246225E+00,-1.64115195E+00
-848.00E-06,+1.54773863E+00,-1.60095095E+00
-847.00E-06,+1.49246225E+00,-1.67130271E+00
-846.00E-06,+1.54773863E+00,-1.65622733E+00
-845.00E-06,+1.62814064E+00,-1.61602632E+00
-844.00E-06,+1.61306527E+00,-1.68135296E+00
-843.00E-06,+1.59798989E+00,-1.67130271E+00
-842.00E-06,+1.61306527E+00,-1.67130271E+00
-841.00E-06,+1.57286426E+00,-1.67130271E+00
-840.00E-06,+1.62814064E+00,-1.67130271E+00
-839.00E-06,+1.62814064E+00,-1.67130271E+00
-838.00E-06,+1.69346728E+00,-1.73662934E+00
-837.00E-06,+1.62814064E+00,-1.72155396E+00
-836.00E-06,+1.57286426E+00,-1.65622733E+00
-835.00E-06,+1.65326627E+00,-1.69642833E+00
-834.00E-06,+1.62814064E+00,-1.75170472E+00
-833.00E-06,+1.70854265E+00,-1.67130271E+00
-832.00E-06,+1.55778889E+00,-1.80195597E+00
-831.00E-06,+1.62814064E+00,-1.80195597E+00
-830.00E-06,+1.57286426E+00,-1.81703135E+00
-829.00E-06,+1.67839190E+00,-1.75170472E+00
-828.00E-06,+1.63819089E+00,-1.75170472E+00
-827.00E-06,+1.62814064E+00,-1.77683034E+00
-826.00E-06,+1.70854265E+00,-1.81703135E+00
-825.00E-06,+1.65326627E+00,-1.80195597E+00
-824.00E-06,+1.70854265E+00,-1.76175497E+00
-823.00E-06,+1.73366828E+00,-1.83210672E+00
-822.00E-06,+1.77386928E+00,-1.83210672E+00
-821.00E-06,+1.73366828E+00,-1.75170472E+00
-820.00E-06,+1.70854265E+00,-1.75170472E+00
-819.00E-06,+1.70854265E+00,-1.83210672E+00
-818.00E-06,+1.71859290E+00,-1.83210672E+00
-817.00E-06,+1.73366828E+00,-1.80195597E+00
-816.00E-06,+1.75879391E+00,-1.84215698E+00
-815.00E-06,+1.75879391E+00,-1.83210672E+00
-814.00E-06,+1.83919592E+00,-1.83210672E+00
-813.00E-06,+1.70854265E+00,-1.85723235E+00
-812.00E-06,+1.71859290E+00,-1.83210672E+00
-811.00E-06,+1.78894466E+00,-1.77683034E+00
-810.00E-06,+1.78894466E+00,-1.83210672E+00
-809.00E-06,+1.73366828E+00,-1.91250873E+00
-808.00E-06,+1.79899491E+00,-1.84215698E+00
-807.00E-06,+1.81407029E+00,-1.77683034E+00
-806.00E-06,+1.78894466E+00,-1.89743336E+00
-805.00E-06,+1.75879391E+00,-1.91250873E+00
-804.00E-06,+1.79899491E+00,-1.91250873E+00
-803.00E-06,+1.81407029E+00,-1.85723235E+00
-802.00E-06,+1.78894466E+00,-1.83210672E+00
-801.00E-06,+1.86934667E+00,-1.88235798E+00
-800.00E-06,+1.85427129E+00,-1.92255898E+00
-799.00E-06,+1.83919592E+00,-1.93763436E+00
-798.00E-06,+1.86934667E+00,-1.91250873E+00
-797.00E-06,+1.89447230E+00,-1.91250873E+00
-796.00E-06,+1.78894466E+00,-1.89743336E+00
-795.00E-06,+1.89447230E+00,-1.91250873E+00
-794.00E-06,+1.85427129E+00,-1.92255898E+00
-793.00E-06,+1.78894466E+00,-1.93763436E+00
-792.00E-06,+1.78894466E+00,-1.99291074E+00
-791.00E-06,+1.81407029E+00,-1.88235798E+00
-790.00E-06,+1.93467330E+00,-1.92255898E+00
-789.00E-06,+1.81407029E+00,-1.96275999E+00
-788.00E-06,+1.79899491E+00,-1.91250873E+00
-787.00E-06,+1.86934667E+00,-1.96275999E+00
-786.00E-06,+1.91959793E+00,-1.92255898E+00
-785.00E-06,+1.89447230E+00,-1.96275999E+00
-784.00E-06,+1.85427129E+00,-1.97783537E+00
-783.00E-06,+1.86934667E+00,-1.99291074E+00
-782.00E-06,+1.86934667E+00,-1.97783537E+00
-781.00E-06,+1.89447230E+00,-1.99291074E+00
-780.00E-06,+1.86934667E+00,-1.91250873E+00
-779.00E-06,+1.91959793E+00,-1.99291074E+00
-778.00E-06,+1.94974868E+00,-1.91250873E+00
-777.00E-06,+1.94974868E+00,-1.91250873E+00
-776.00E-06,+1.93467330E+00,-1.92255898E+00
-775.00E-06,+1.89447230E+00,-1.99291074E+00
-774.00E-06,+1.87939692E+00,-1.99291074E+00
-773.00E-06,+1.91959793E+00,-2.01803637E+00
-772.00E-06,+1.93467330E+00,-1.97783537E+00
-771.00E-06,+1.94974868E+00,-2.01803637E+00
-770.00E-06,+1.86934667E+00,-2.05823738E+00
-769.00E-06,+1.89447230E+00,-1.99291074E+00
-768.00E-06,+1.86934667E+00,-1.99291074E+00
-767.00E-06,+1.94974868E+00,-1.99291074E+00
-766.00E-06,+1.94974868E+00,-1.99291074E+00
-765.00E-06,+1.94974868E+00,-1.96275999E+00
-764.00E-06,+1.87939692E+00,-1.92255898E+00
-763.00E-06,+1.86934667E+00,-2.01803637E+00
-762.00E-06,+1.93467330E+00,-2.00296099E+00
-761.00E-06,+1.89447230E+00,-1.96275999E+00
-760.00E-06,+1.94974868E+00,-1.93763436E+00
-759.00E-06,+1.94974868E+00,-2.01803637E+00
-758.00E-06,+1.94974868E+00,-1.99291074E+00
-757.00E-06,+1.91959793E+00,-1.99291074E+00
-756.00E-06,+1.95979893E+00,-1.99291074E+00
-755.00E-06,+1.91959793E+00,-1.99291074E+00
-754.00E-06,+2.01507531E+00,-2.00296099E+00
-753.00E-06,+1.94974868E+00,-1.99291074E+00
-752.00E-06,+1.93467330E+00,-2.05823738E+00
-751.00E-06,+1.86934667E+00,-2.01803637E+00
-750.00E-06,+1.94974868E+00,-2.07331275E+00
-749.00E-06,+1.94974868E+00,-2.07331275E+00
-748.00E-06,+1.93467330E+00,-1.99291074E+00
-747.00E-06,+1.89447230E+00,-2.04316200E+00
-746.00E-06,+1.94974868E+00,-2.05823738E+00
-745.00E-06,+1.97487431E+00,-1.99291074E+00
-744.00E-06,+2.01507531E+00,-2.00296099E+00
-743.00E-06,+1.94974868E+00,-2.04316200E+00
-742.00E-06,+1.94974868E+00,-2.05823738E+00
-741.00E-06,+1.97487431E+00,-1.99291074E+00
-740.00E-06,+1.94974868E+00,-2.00296099E+00
-739.00E-06,+1.99999994E+00,-2.07331275E+00
-738.00E-06,+1.94974868E+00,-1.99291074E+00
-737.00E-06,+1.86934667E+00,-1.99291074E+00
-736.00E-06,+2.01507531E+00,-1.99291074E+00
-735.00E-06,+1.86934667E+00,-1.99291074E+00
-734.00E-06,+1.87939692E+00,-1.99291074E+00
-733.00E-06,+1.94974868E+00,-2.04316200E+00
-732.00E-06,+1.94974868E+00,-1.97783537E+00
-731.00E-06,+1.89447230E+00,-2.04316200E+00
-730.00E-06,+1.95979893E+00,-1.99291074E+00
-729.00E-06,+1.94974868E+00,-1.99291074E+00
-728.00E-06,+1.93467330E+00,-1.99291074E+00
-727.00E-06,+1.91959793E+00,-2.04316200E+00
-726.00E-06,+1.93467330E+00,-1.99291074E+00
-725.00E-06,+1.91959793E+00,-1.96275999E+00
-724.00E-06,+1.86934667E+00,-2.00296099E+00
-723.00E-06,+1.89447230E+00,-2.04316200E+00
-722.00E-06,+1.94974868E+00,-1.99291074E+00
-721.00E-06,+1.94974868E+00,-2.01803637E+00
-720.00E-06,+1.94974868E+00,-1.99291074E+00
-719.00E-06,+1.97487431E+00,-1.99291074E+00
-718.00E-06,+1.87939692E+00,-1.99291074E+00
-717.00E-06,+1.89447230E+00,-1.93763436E+00
-716.00E-06,+1.94974868E+00,-2.00296099E+00
-715.00E-06,+1.89447230E+00,-1.93763436E+00
-714.00E-06,+1.94974868E+00,-1.99291074E+00
-713.00E-06,+1.91959793E+00,-1.99291074E+00
-712.00E-06,+1.86934667E+00,-1.99291074E+00
-711.00E-06,+1.89447230E+00,-1.93763436E+00
-710.00E-06,+1.85427129E+00,-2.00296099E+00
-709.00E-06,+1.89447230E+00,-1.91250873E+00
-708.00E-06,+1.93467330E+00,-1.97783537E+00
-707.00E-06,+1.86934667E+00,-1.96275999E+00
-706.00E-06,+1.93467330E+00,-1.93763436E+00
-705.00E-06,+1.91959793E+00,-1.99291074E+00
-704.00E-06,+1.93467330E+00,-1.99291074E+00
-703.00E-06,+1.86934667E+00,-1.96275999E+00
-702.00E-06,+1.86934667E+00,-1.99291074E+00
-701.00E-06,+1.86934667E+00,-1.91250873E+00
-700.00E-06,+1.79899491E+00,-1.92255898E+00
-699.00E-06,+1.94974868E+00,-1.91250873E+00
-698.00E-06,+1.86934667E+00,-1.91250873E+00
-697.00E-06,+1.89447230E+00,-1.91250873E+00
-696.00E-06,+1.86934667E+00,-1.91250873E+00
-695.00E-06,+1.89447230E+00,-1.99291074E+00
-694.00E-06,+1.93467330E+00,-1.91250873E+00
-693.00E-06,+1.86934667E+00,-1.91250873E+00
-692.00E-06,+1.79899491E+00,-1.85723235E+00
-691.00E-06,+1.86934667E+00,-1.91250873E+00
-690.00E-06,+1.79899491E+00,-1.91250873E+00
-689.00E-06,+1.83919592E+00,-1.93763436E+00
-688.00E-06,+1.85427129E+00,-1.92255898E+00
-687.00E-06,+1.81407029E+00,-1.85723235E+00
-686.00E-06,+1.85427129E+00,-1.85723235E+00
-685.00E-06,+1.86934667E+00,-1.91250873E+00
-684.00E-06,+1.79899491E+00,-1.91250873E+00
-683.00E-06,+1.81407029E+00,-1.85723235E+00
-682.00E-06,+1.77386928E+00,-1.99291074E+00
-681.00E-06,+1.86934667E+00,-1.91250873E+00
-680.00E-06,+1.83919592E+00,-1.91250873E+00
-679.00E-06,+1.78894466E+00,-1.91250873E+00
-678.00E-06,+1.78894466E+00,-1.83210672E+00
-677.00E-06,+1.81407029E+00,-1.91250873E+00
-676.00E-06,+1.78894466E+00,-1.83210672E+00
-675.00E-06,+1.70854265E+00,-1.91250873E+00
-674.00E-06,+1.78894466E+00,-1.76175497E+00
-673.00E-06,+1.73366828E+00,-1.91250873E+00
-672.00E-06,+1.83919592E+00,-1.84215698E+00
-671.00E-06,+1.75879391E+00,-1.83210672E+00
-670.00E-06,+1.78894466E+00,-1.83210672E+00
-669.00E-06,+1.75879391E+00,-1.75170472E+00
-668.00E-06,+1.71859290E+00,-1.81703135E+00
-667.00E-06,+1.73366828E+00,-1.85723235E+00
-666.00E-06,+1.77386928E+00,-1.83210672E+00
-665.00E-06,+1.75879391E+00,-1.83210672E+00
-664.00E-06,+1.78894466E+00,-1.83210672E+00
-663.00E-06,+1.62814064E+00,-1.88235798E+00
-662.00E-06,+1.70854265E+00,-1.76175497E+00
-661.00E-06,+1.70854265E+00,-1.80195597E+00
-660.00E-06,+1.77386928E+00,-1.75170472E+00
-659.00E-06,+1.70854265E+00,-1.75170472E+00
-658.00E-06,+1.65326627E+00,-1.75170472E+00
-657.00E-06,+1.75879391E+00,-1.75170472E+00
-656.00E-06,+1.70854265E+00,-1.76175497E+00
-655.00E-06,+1.73366828E+00,-1.75170472E+00
-654.00E-06,+1.70854265E+00,-1.81703135E+00
-653.00E-06,+1.62814064E+00,-1.77683034E+00
-652.00E-06,+1.63819089E+00,-1.80195597E+00
-651.00E-06,+1.67839190E+00,-1.75170472E+00
-650.00E-06,+1.69346728E+00,-1.80195597E+00
-649.00E-06,+1.67839190E+00,-1.72155396E+00
-648.00E-06,+1.63819089E+00,-1.75170472E+00
-647.00E-06,+1.67839190E+00,-1.75170472E+00
-646.00E-06,+1.62814064E+00,-1.75170472E+00
-645.00E-06,+1.59798989E+00,-1.77683034E+00
-644.00E-06,+1.63819089E+00,-1.68135296E+00
-643.00E-06,+1.57286426E+00,-1.69642833E+00
-642.00E-06,+1.61306527E+00,-1.76175497E+00
-641.00E-06,+1.59798989E+00,-1.64115195E+00
-640.00E-06,+1.61306527E+00,-1.69642833E+00
-639.00E-06,+1.62814064E+00,-1.69642833E+00
-638.00E-06,+1.61306527E+00,-1.60095095E+00
-637.00E-06,+1.57286426E+00,-1.67130271E+00
-636.00E-06,+1.62814064E+00,-1.65622733E+00
-635.00E-06,+1.54773863E+00,-1.61602632E+00
-634.00E-06,+1.61306527E+00,-1.60095095E+00
-633.00E-06,+1.54773863E+00,-1.59090070E+00
-632.00E-06,+1.54773863E+00,-1.65622733E+00
-631.00E-06,+1.54773863E+00,-1.53562432E+00
-630.00E-06,+1.54773863E+00,-1.59090070E+00
-629.00E-06,+1.59798989E+00,-1.59090070E+00
-628.00E-06,+1.54773863E+00,-1.57582532E+00
-627.00E-06,+1.51758788E+00,-1.61602632E+00
-626.00E-06,+1.51758788E+00,-1.59090070E+00
-625.00E-06,+1.51758788E+00,-1.53562432E+00
-624.00E-06,+1.41206024E+00,-1.57582532E+00
-623.00E-06,+1.46733662E+00,-1.59090070E+00
-622.00E-06,+1.47738688E+00,-1.59090070E+00
-621.00E-06,+1.46733662E+00,-1.51049869E+00
-620.00E-06,+1.46733662E+00,-1.44014693E+00
-619.00E-06,+1.46733662E+00,-1.53562432E+00
-618.00E-06,+1.45226125E+00,-1.49542331E+00
-617.00E-06,+1.41206024E+00,-1.56074994E+00
-616.00E-06,+1.38693462E+00,-1.43009668E+00
-615.00E-06,+1.46733662E+00,-1.45522231E+00
-614.00E-06,+1.39698487E+00,-1.51049869E+00
-613.00E-06,+1.38693462E+00,-1.51049869E+00
-612.00E-06,+1.45226125E+00,-1.49542331E+00
-611.00E-06,+1.30653261E+00,-1.51049869E+00
-610.00E-06,+1.30653261E+00,-1.51049869E+00
-609.00E-06,+1.38693462E+00,-1.43009668E+00
-608.00E-06,+1.30653261E+00,-1.49542331E+00
-607.00E-06,+1.38693462E+00,-1.43009668E+00
-606.00E-06,+1.30653261E+00,-1.43009668E+00
-605.00E-06,+1.30653261E+00,-1.39994592E+00
-604.00E-06,+1.29145723E+00,-1.44014693E+00
-603.00E-06,+1.30653261E+00,-1.37482030E+00
-602.00E-06,+1.30653261E+00,-1.34969467E+00
-601.00E-06,+1.30653261E+00,-1.34969467E+00
-600.00E-06,+1.30653261E+00,-1.34969467E+00
-599.00E-06,+1.27638185E+00,-1.37482030E+00
-598.00E-06,+1.22613060E+00,-1.29441829E+00
-597.00E-06,+1.27638185E+00,-1.29441829E+00
-596.00E-06,+1.23618085E+00,-1.27934291E+00
-595.00E-06,+1.25125623E+00,-1.34969467E+00
-594.00E-06,+1.29145723E+00,-1.26929266E+00
-593.00E-06,+1.19597984E+00,-1.31954392E+00
-592.00E-06,+1.21105522E+00,-1.34969467E+00
-591.00E-06,+1.14572859E+00,-1.29441829E+00
-590.00E-06,+1.19597984E+00,-1.19894090E+00
-589.00E-06,+1.19597984E+00,-1.26929266E+00
-588.00E-06,+1.19597984E+00,-1.19894090E+00
-587.00E-06,+1.19597984E+00,-1.26929266E+00
-586.00E-06,+1.14572859E+00,-1.13361427E+00
-585.00E-06,+1.17085422E+00,-1.26929266E+00
-584.00E-06,+1.14572859E+00,-1.18889065E+00
-583.00E-06,+1.14572859E+00,-1.15873990E+00
-582.00E-06,+1.14572859E+00,-1.19894090E+00
-581.00E-06,+1.03517583E+00,-1.18889065E+00
-580.00E-06,+1.06532658E+00,-1.18889065E+00
-579.00E-06,+1.14572859E+00,-1.13361427E+00
-578.00E-06,+1.13065321E+00,-1.18889065E+00
-577.00E-06,+1.06532658E+00,-1.18889065E+00
-576.00E-06,+1.07537683E+00,-1.18889065E+00
-575.00E-06,+1.06532658E+00,-1.10848864E+00
-574.00E-06,+1.06532658E+00,-1.11853889E+00
-573.00E-06,+1.03517583E+00,-1.15873990E+00
-572.00E-06,+984.92457E-03,-1.11853889E+00
-571.00E-06,+984.92457E-03,-1.05321226E+00
-570.00E-06,+929.64819E-03,-1.10848864E+00
-569.00E-06,+929.64819E-03,-1.07833789E+00
-568.00E-06,+984.92457E-03,-1.03813688E+00
-567.00E-06,+1.03517583E+00,-1.07833789E+00
-566.00E-06,+984.92457E-03,-1.02808663E+00
-565.00E-06,+954.77382E-03,-1.10848864E+00
-564.00E-06,+984.92457E-03,-1.03813688E+00
-563.00E-06,+904.52256E-03,-972.81025E-03
-562.00E-06,+904.52256E-03,-1.01301126E+00
-561.00E-06,+984.92457E-03,-947.68462E-03
-560.00E-06,+834.17080E-03,-947.68462E-03
-559.00E-06,+874.37181E-03,-947.68462E-03
-558.00E-06,+904.52256E-03,-947.68462E-03
-557.00E-06,+874.37181E-03,-947.68462E-03
-556.00E-06,+834.17080E-03,-947.68462E-03
-555.00E-06,+824.12055E-03,-917.53387E-03
-554.00E-06,+889.44718E-03,-947.68462E-03
-553.00E-06,+824.12055E-03,-917.53387E-03
-552.00E-06,+834.17080E-03,-812.00623E-03
-551.00E-06,+793.96980E-03,-892.40824E-03
-550.00E-06,+824.12055E-03,-867.28261E-03
-549.00E-06,+743.71854E-03,-867.28261E-03
-548.00E-06,+743.71854E-03,-947.68462E-03
-547.00E-06,+768.84417E-03,-786.88060E-03
-546.00E-06,+673.36678E-03,-917.53387E-03
-545.00E-06,+688.44216E-03,-837.13186E-03
-544.00E-06,+673.36678E-03,-796.93086E-03
-543.00E-06,+713.56779E-03,-812.00623E-03
-542.00E-06,+673.36678E-03,-852.20724E-03
-541.00E-06,+663.31653E-03,-786.88060E-03
-540.00E-06,+663.31653E-03,-786.88060E-03
-539.00E-06,+582.91452E-03,-786.88060E-03
-538.00E-06,+663.31653E-03,-706.47860E-03
-537.00E-06,+608.04015E-03,-731.60422E-03
-536.00E-06,+582.91452E-03,-706.47860E-03
-535.00E-06,+713.56779E-03,-706.47860E-03
-534.00E-06,+592.96477E-03,-706.47860E-03
-533.00E-06,+608.04015E-03,-651.20221E-03
-532.00E-06,+648.24116E-03,-626.07659E-03
-531.00E-06,+582.91452E-03,-626.07659E-03
-530.00E-06,+582.91452E-03,-706.47860E-03
-529.00E-06,+552.76377E-03,-651.20221E-03
-528.00E-06,+582.91452E-03,-636.12684E-03
-527.00E-06,+502.51251E-03,-626.07659E-03
-526.00E-06,+502.51251E-03,-691.40322E-03
-525.00E-06,+502.51251E-03,-595.92583E-03
-524.00E-06,+567.83915E-03,-611.00121E-03
-523.00E-06,+502.51251E-03,-595.92583E-03
-522.00E-06,+432.16076E-03,-545.67458E-03
-521.00E-06,+472.36176E-03,-545.67458E-03
-520.00E-06,+487.43714E-03,-545.67458E-03
-519.00E-06,+422.11051E-03,-490.39820E-03
-518.00E-06,+407.03513E-03,-611.00121E-03
-517.00E-06,+391.95975E-03,-515.52382E-03
-516.00E-06,+422.11051E-03,-530.59920E-03
-515.00E-06,+366.83412E-03,-490.39820E-03
-514.00E-06,+422.11051E-03,-394.92081E-03
-513.00E-06,+391.95975E-03,-465.27257E-03
-512.00E-06,+407.03513E-03,-475.32282E-03
-511.00E-06,+341.70850E-03,-384.87056E-03
-510.00E-06,+326.63312E-03,-465.27257E-03
-509.00E-06,+366.83412E-03,-384.87056E-03
-508.00E-06,+341.70850E-03,-450.19719E-03
-507.00E-06,+261.30649E-03,-435.12181E-03
-506.00E-06,+326.63312E-03,-384.87056E-03
-505.00E-06,+261.30649E-03,-384.87056E-03
-504.00E-06,+271.35674E-03,-450.19719E-03
-503.00E-06,+286.43211E-03,-384.87056E-03
-502.00E-06,+326.63312E-03,-369.79518E-03
-501.00E-06,+231.15573E-03,-329.59418E-03
-500.00E-06,+190.95473E-03,-369.79518E-03
-499.00E-06,+180.90448E-03,-304.46855E-03
-498.00E-06,+180.90448E-03,-304.46855E-03
-497.00E-06,+180.90448E-03,-249.19217E-03
-496.00E-06,+165.82910E-03,-304.46855E-03
-495.00E-06,+150.75372E-03,-249.19217E-03
-494.00E-06,+180.90448E-03,-289.39317E-03
-493.00E-06,+150.75372E-03,-224.06654E-03
-492.00E-06,+100.50247E-03,-224.06654E-03
-491.00E-06,+100.50247E-03,-193.91579E-03
-490.00E-06,+110.55272E-03,-224.06654E-03
-489.00E-06,+70.35172E-03,-224.06654E-03
-488.00E-06,+30.15071E-03,-153.71478E-03
-487.00E-06,+100.50247E-03,-168.79016E-03
-486.00E-06,+100.50247E-03,-224.06654E-03
-485.00E-06,+70.35172E-03,-143.66453E-03
-484.00E-06,+20.10046E-03,-208.99116E-03
-483.00E-06,+70.35172E-03,-193.91579E-03
-482.00E-06,+20.10046E-03,-143.66453E-03
-481.00E-06,+20.10046E-03,-143.66453E-03
-480.00E-06,+20.10046E-03,-73.31277E-03
-479.00E-06,-35.17592E-03,-88.38815E-03
-478.00E-06,+20.10046E-03,-63.26252E-03
-477.00E-06,-60.30155E-03,-113.51378E-03
-476.00E-06,+20.10046E-03,+17.13949E-03
-475.00E-06,-60.30155E-03,-33.11177E-03
-474.00E-06,-50.25130E-03,-7.98614E-03
-473.00E-06,-60.30155E-03,+17.13949E-03
-472.00E-06,-75.37693E-03,-7.98614E-03
-471.00E-06,-90.45230E-03,-7.98614E-03
-470.00E-06,-90.45230E-03,+72.41587E-03
-469.00E-06,-170.85431E-03,-7.98614E-03
-468.00E-06,-140.70356E-03,+97.54150E-03
-467.00E-06,-195.97994E-03,+47.29024E-03
-466.00E-06,-155.77894E-03,+32.21486E-03
-465.00E-06,-170.85431E-03,+97.54150E-03
-464.00E-06,-211.05532E-03,+97.54150E-03
-463.00E-06,-140.70356E-03,+97.54150E-03
-462.00E-06,-221.10557E-03,+32.21486E-03
-461.00E-06,-221.10557E-03,+97.54150E-03
-460.00E-06,-236.18094E-03,+97.54150E-03
-459.00E-06,-276.38195E-03,+127.69225E-03
-458.00E-06,-236.18094E-03,+177.94351E-03
-457.00E-06,-331.65833E-03,+177.94351E-03
-456.00E-06,-221.10557E-03,+177.94351E-03
-455.00E-06,-301.50758E-03,+233.21989E-03
-454.00E-06,-301.50758E-03,+258.34551E-03
-453.00E-06,-301.50758E-03,+258.34551E-03
-452.00E-06,-301.50758E-03,+258.34551E-03
-451.00E-06,-356.78396E-03,+177.94351E-03
-450.00E-06,-301.50758E-03,+273.42089E-03
-449.00E-06,-331.65833E-03,+208.09426E-03
-448.00E-06,-371.85934E-03,+258.34551E-03
-447.00E-06,-356.78396E-03,+258.34551E-03
-446.00E-06,-381.90959E-03,+338.74752E-03
-445.00E-06,-331.65833E-03,+313.62190E-03
-444.00E-06,-381.90959E-03,+338.74752E-03
-443.00E-06,-381.90959E-03,+338.74752E-03
-442.00E-06,-452.26134E-03,+338.74752E-03
-441.00E-06,-412.06034E-03,+368.89828E-03
-440.00E-06,-452.26134E-03,+338.74752E-03
-439.00E-06,-462.31160E-03,+394.02391E-03
-438.00E-06,-532.66335E-03,+419.14953E-03
-437.00E-06,-437.18597E-03,+419.14953E-03
-436.00E-06,-462.31160E-03,+419.14953E-03
-435.00E-06,-492.46235E-03,+419.14953E-03
-434.00E-06,-542.71360E-03,+409.09928E-03
-433.00E-06,-517.58798E-03,+449.30029E-03
-432.00E-06,-557.78898E-03,+489.50129E-03
-431.00E-06,-542.71360E-03,+474.42591E-03
-430.00E-06,-557.78898E-03,+489.50129E-03
-429.00E-06,-542.71360E-03,+474.42591E-03
-428.00E-06,-623.11561E-03,+434.22491E-03
-427.00E-06,-623.11561E-03,+529.70230E-03
-426.00E-06,-613.06536E-03,+499.55154E-03
-425.00E-06,-597.98999E-03,+499.55154E-03
-424.00E-06,-557.78898E-03,+499.55154E-03
-423.00E-06,-653.26637E-03,+554.82792E-03
-422.00E-06,-623.11561E-03,+569.90330E-03
-421.00E-06,-703.51762E-03,+579.95355E-03
-420.00E-06,-718.59300E-03,+569.90330E-03
-419.00E-06,-703.51762E-03,+554.82792E-03
-418.00E-06,-693.46737E-03,+579.95355E-03
-417.00E-06,-703.51762E-03,+635.22993E-03
-416.00E-06,-703.51762E-03,+660.35556E-03
-415.00E-06,-703.51762E-03,+635.22993E-03
-414.00E-06,-718.59300E-03,+650.30531E-03
-413.00E-06,-703.51762E-03,+635.22993E-03
-412.00E-06,-783.91963E-03,+595.02893E-03
-411.00E-06,-814.07039E-03,+715.63194E-03
-410.00E-06,-854.27139E-03,+660.35556E-03
-409.00E-06,-839.19601E-03,+579.95355E-03
-408.00E-06,-783.91963E-03,+675.43094E-03
-407.00E-06,-839.19601E-03,+740.75757E-03
-406.00E-06,-798.99501E-03,+740.75757E-03
-405.00E-06,-839.19601E-03,+715.63194E-03
-404.00E-06,-934.67340E-03,+675.43094E-03
-403.00E-06,-839.19601E-03,+796.03395E-03
-402.00E-06,-934.67340E-03,+755.83295E-03
-401.00E-06,-864.32164E-03,+821.15958E-03
-400.00E-06,-814.07039E-03,+740.75757E-03
-399.00E-06,-864.32164E-03,+821.15958E-03
-398.00E-06,-864.32164E-03,+876.43596E-03
-397.00E-06,-944.72365E-03,+851.31033E-03
-396.00E-06,-944.72365E-03,+821.15958E-03
-395.00E-06,-944.72365E-03,+851.31033E-03
-394.00E-06,-934.67340E-03,+891.51134E-03
-393.00E-06,-944.72365E-03,+876.43596E-03
-392.00E-06,-944.72365E-03,+891.51134E-03
-391.00E-06,-1.02512566E+00,+901.56159E-03
-390.00E-06,-959.79903E-03,+901.56159E-03
-389.00E-06,-974.87440E-03,+901.56159E-03
-388.00E-06,-1.01507541E+00,+916.63696E-03
-387.00E-06,-1.05527641E+00,+901.56159E-03
-386.00E-06,-1.04020104E+00,+971.91335E-03
-385.00E-06,-1.02512566E+00,+956.83797E-03
-384.00E-06,-1.09547742E+00,+916.63696E-03
-383.00E-06,-1.02512566E+00,+981.96360E-03
-382.00E-06,-1.04020104E+00,+971.91335E-03
-381.00E-06,-1.02512566E+00,+956.83797E-03
-380.00E-06,-1.02512566E+00,+981.96360E-03
-379.00E-06,-1.10552767E+00,+931.71234E-03
-378.00E-06,-1.10552767E+00,+997.03897E-03
-377.00E-06,-1.05527641E+00,+1.01211435E+00
-376.00E-06,-1.17587943E+00,+971.91335E-03
-375.00E-06,-1.10552767E+00,+1.06236561E+00
-374.00E-06,-1.10552767E+00,+997.03897E-03
-373.00E-06,-1.16080405E+00,+1.06236561E+00
-372.00E-06,-1.12060305E+00,+1.07744098E+00
-371.00E-06,-1.16080405E+00,+981.96360E-03
-370.00E-06,-1.12060305E+00,+1.14276762E+00
-369.00E-06,-1.24120606E+00,+1.06236561E+00
-368.00E-06,-1.18592968E+00,+1.06236561E+00
-367.00E-06,-1.21608043E+00,+1.11764199E+00
-366.00E-06,-1.18592968E+00,+1.13271736E+00
-365.00E-06,-1.21608043E+00,+1.11764199E+00
-364.00E-06,-1.26633169E+00,+1.06236561E+00
-363.00E-06,-1.21608043E+00,+1.19804400E+00
-362.00E-06,-1.25628144E+00,+1.07744098E+00
-361.00E-06,-1.29648244E+00,+1.09251636E+00
-360.00E-06,-1.25628144E+00,+1.15784299E+00
-359.00E-06,-1.26633169E+00,+1.22316962E+00
-358.00E-06,-1.26633169E+00,+1.22316962E+00
-357.00E-06,-1.34673370E+00,+1.22316962E+00
-356.00E-06,-1.26633169E+00,+1.22316962E+00
-355.00E-06,-1.26633169E+00,+1.27844601E+00
-354.00E-06,-1.26633169E+00,+1.23824500E+00
-353.00E-06,-1.26633169E+00,+1.30357163E+00
-352.00E-06,-1.41708545E+00,+1.21311937E+00
-351.00E-06,-1.34673370E+00,+1.30357163E+00
-350.00E-06,-1.34673370E+00,+1.30357163E+00
-349.00E-06,-1.42713571E+00,+1.17291837E+00
-348.00E-06,-1.34673370E+00,+1.30357163E+00
-347.00E-06,-1.29648244E+00,+1.30357163E+00
-346.00E-06,-1.42713571E+00,+1.37392339E+00
-345.00E-06,-1.40201008E+00,+1.30357163E+00
-344.00E-06,-1.41708545E+00,+1.30357163E+00
-343.00E-06,-1.37688445E+00,+1.30357163E+00
-342.00E-06,-1.42713571E+00,+1.30357163E+00
-341.00E-06,-1.42713571E+00,+1.38397364E+00
-340.00E-06,-1.42713571E+00,+1.37392339E+00
-339.00E-06,-1.42713571E+00,+1.30357163E+00
-338.00E-06,-1.42713571E+00,+1.30357163E+00
-337.00E-06,-1.48241209E+00,+1.35884802E+00
-336.00E-06,-1.44221108E+00,+1.31864701E+00
-335.00E-06,-1.48241209E+00,+1.38397364E+00
-334.00E-06,-1.49748746E+00,+1.39904902E+00
-333.00E-06,-1.50753772E+00,+1.41412440E+00
-332.00E-06,-1.50753772E+00,+1.41412440E+00
-331.00E-06,-1.50753772E+00,+1.38397364E+00
-330.00E-06,-1.57788947E+00,+1.45432540E+00
-329.00E-06,-1.50753772E+00,+1.33372239E+00
-328.00E-06,-1.52261309E+00,+1.46437565E+00
-327.00E-06,-1.58793972E+00,+1.43925002E+00
-326.00E-06,-1.52261309E+00,+1.46437565E+00
-325.00E-06,-1.50753772E+00,+1.46437565E+00
-324.00E-06,-1.58793972E+00,+1.54477766E+00
-323.00E-06,-1.56281410E+00,+1.49452641E+00
-322.00E-06,-1.58793972E+00,+1.46437565E+00
-321.00E-06,-1.67336686E+00,+1.49452641E+00
-320.00E-06,-1.58793972E+00,+1.53472741E+00
-319.00E-06,-1.58793972E+00,+1.46437565E+00
-318.00E-06,-1.65829148E+00,+1.53472741E+00
-317.00E-06,-1.64321611E+00,+1.54477766E+00
-316.00E-06,-1.58793972E+00,+1.54477766E+00
-315.00E-06,-1.58793972E+00,+1.49452641E+00
-314.00E-06,-1.66834173E+00,+1.49452641E+00
-313.00E-06,-1.66834173E+00,+1.54477766E+00
-312.00E-06,-1.60301510E+00,+1.53472741E+00
-311.00E-06,-1.66834173E+00,+1.49452641E+00
-310.00E-06,-1.66834173E+00,+1.55985304E+00
-309.00E-06,-1.66834173E+00,+1.60005404E+00
-308.00E-06,-1.80402012E+00,+1.61512942E+00
-307.00E-06,-1.66834173E+00,+1.57492842E+00
-306.00E-06,-1.73869349E+00,+1.55985304E+00
-305.00E-06,-1.66834173E+00,+1.62517967E+00
-304.00E-06,-1.61809048E+00,+1.62517967E+00
-303.00E-06,-1.74874374E+00,+1.57492842E+00
-302.00E-06,-1.74874374E+00,+1.62517967E+00
-301.00E-06,-1.74874374E+00,+1.62517967E+00
-300.00E-06,-1.68341711E+00,+1.62517967E+00
-299.00E-06,-1.69849249E+00,+1.62517967E+00
-298.00E-06,-1.74874374E+00,+1.64025505E+00
-297.00E-06,-1.74874374E+00,+1.62517967E+00
-296.00E-06,-1.81909550E+00,+1.62517967E+00
-295.00E-06,-1.74874374E+00,+1.65533042E+00
-294.00E-06,-1.74874374E+00,+1.69553143E+00
-293.00E-06,-1.69849249E+00,+1.70558168E+00
-292.00E-06,-1.77889450E+00,+1.62517967E+00
-291.00E-06,-1.74874374E+00,+1.62517967E+00
-290.00E-06,-1.74874374E+00,+1.70558168E+00
-289.00E-06,-1.74874374E+00,+1.70558168E+00
-288.00E-06,-1.76381912E+00,+1.69553143E+00
-287.00E-06,-1.74874374E+00,+1.70558168E+00
-286.00E-06,-1.81909550E+00,+1.70558168E+00
-285.00E-06,-1.77889450E+00,+1.62517967E+00
-284.00E-06,-1.74874374E+00,+1.70558168E+00
-283.00E-06,-1.82914575E+00,+1.73573243E+00
-282.00E-06,-1.82914575E+00,+1.69553143E+00
-281.00E-06,-1.82914575E+00,+1.70558168E+00
-280.00E-06,-1.81909550E+00,+1.70558168E+00
-279.00E-06,-1.82914575E+00,+1.76085806E+00
-278.00E-06,-1.82914575E+00,+1.70558168E+00
-277.00E-06,-1.77889450E+00,+1.70558168E+00
-276.00E-06,-1.74874374E+00,+1.70558168E+00
-275.00E-06,-1.88442213E+00,+1.78598369E+00
-274.00E-06,-1.89949751E+00,+1.70558168E+00
-273.00E-06,-1.82914575E+00,+1.70558168E+00
-272.00E-06,-1.96482414E+00,+1.77593344E+00
-271.00E-06,-1.88442213E+00,+1.73573243E+00
-270.00E-06,-1.84422113E+00,+1.70558168E+00
-269.00E-06,-1.82914575E+00,+1.81613444E+00
-268.00E-06,-1.84422113E+00,+1.77593344E+00
-267.00E-06,-1.82914575E+00,+1.78598369E+00
-266.00E-06,-1.90954776E+00,+1.78598369E+00
-265.00E-06,-1.90954776E+00,+1.81613444E+00
-264.00E-06,-1.90954776E+00,+1.78598369E+00
-263.00E-06,-1.96482414E+00,+1.76085806E+00
-262.00E-06,-1.90954776E+00,+1.77593344E+00
-261.00E-06,-1.90954776E+00,+1.78598369E+00
-260.00E-06,-1.90954776E+00,+1.78598369E+00
-259.00E-06,-1.90954776E+00,+1.78598369E+00
-258.00E-06,-1.90954776E+00,+1.86638570E+00
-257.00E-06,-1.96482414E+00,+1.78598369E+00
-256.00E-06,-1.85929651E+00,+1.86638570E+00
-255.00E-06,-1.98994977E+00,+1.76085806E+00
-254.00E-06,-1.90954776E+00,+1.78598369E+00
-253.00E-06,-1.90954776E+00,+1.84126007E+00
-252.00E-06,-1.92462314E+00,+1.86638570E+00
-251.00E-06,-2.02010052E+00,+1.78598369E+00
-250.00E-06,-1.98994977E+00,+1.86638570E+00
-249.00E-06,-1.93969851E+00,+1.86638570E+00
-248.00E-06,-1.89949751E+00,+1.80105907E+00
-247.00E-06,-1.90954776E+00,+1.78598369E+00
-246.00E-06,-1.97989952E+00,+1.86638570E+00
-245.00E-06,-1.90954776E+00,+1.81613444E+00
-244.00E-06,-1.98994977E+00,+1.85633545E+00
-243.00E-06,-1.98994977E+00,+1.86638570E+00
-242.00E-06,-1.90954776E+00,+1.85633545E+00
-241.00E-06,-1.98994977E+00,+1.86638570E+00
-240.00E-06,-1.92462314E+00,+1.85633545E+00
-239.00E-06,-2.02010052E+00,+1.78598369E+00
-238.00E-06,-1.97989952E+00,+1.85633545E+00
-237.00E-06,-1.96482414E+00,+1.81613444E+00
-236.00E-06,-1.90954776E+00,+1.85633545E+00
-235.00E-06,-1.98994977E+00,+1.86638570E+00
-234.00E-06,-1.92462314E+00,+1.86638570E+00
-233.00E-06,-1.98994977E+00,+1.81613444E+00
-232.00E-06,-1.92462314E+00,+1.86638570E+00
-231.00E-06,-1.90954776E+00,+1.84126007E+00
-230.00E-06,-2.06030153E+00,+1.85633545E+00
-229.00E-06,-1.96482414E+00,+1.84126007E+00
-228.00E-06,-1.98994977E+00,+1.80105907E+00
-227.00E-06,-1.93969851E+00,+1.84126007E+00
-226.00E-06,-1.98994977E+00,+1.88146108E+00
-225.00E-06,-1.98994977E+00,+1.89653645E+00
-224.00E-06,-1.98994977E+00,+1.85633545E+00
-223.00E-06,-1.98994977E+00,+1.86638570E+00
-222.00E-06,-1.98994977E+00,+1.80105907E+00
-221.00E-06,-1.96482414E+00,+1.86638570E+00
-220.00E-06,-1.97989952E+00,+1.85633545E+00
-219.00E-06,-1.96482414E+00,+1.81613444E+00
-218.00E-06,-1.90954776E+00,+1.86638570E+00
-217.00E-06,-1.96482414E+00,+1.84126007E+00
-216.00E-06,-1.97989952E+00,+1.85633545E+00
-215.00E-06,-1.93969851E+00,+1.86638570E+00
-214.00E-06,-1.97989952E+00,+1.78598369E+00
-213.00E-06,-1.98994977E+00,+1.86638570E+00
-212.00E-06,-1.90954776E+00,+1.80105907E+00
-211.00E-06,-1.98994977E+00,+1.81613444E+00
-210.00E-06,-1.92462314E+00,+1.92166208E+00
-209.00E-06,-1.93969851E+00,+1.86638570E+00
-208.00E-06,-1.92462314E+00,+1.85633545E+00
-207.00E-06,-1.93969851E+00,+1.86638570E+00
-206.00E-06,-1.90954776E+00,+1.80105907E+00
-205.00E-06,-1.96482414E+00,+1.86638570E+00
-204.00E-06,-1.92462314E+00,+1.80105907E+00
-203.00E-06,-1.93969851E+00,+1.84126007E+00
-202.00E-06,-1.97989952E+00,+1.78598369E+00
-201.00E-06,-1.90954776E+00,+1.84126007E+00
-200.00E-06,-1.92462314E+00,+1.78598369E+00
-199.00E-06,-1.90954776E+00,+1.78598369E+00
-198.00E-06,-1.90954776E+00,+1.85633545E+00
-197.00E-06,-1.90954776E+00,+1.78598369E+00
-196.00E-06,-1.97989952E+00,+1.78598369E+00
-195.00E-06,-1.90954776E+00,+1.78598369E+00
-194.00E-06,-1.90954776E+00,+1.78598369E+00
-193.00E-06,-1.90954776E+00,+1.81613444E+00
-192.00E-06,-1.85929651E+00,+1.77593344E+00
-191.00E-06,-1.90954776E+00,+1.78598369E+00
-190.00E-06,-1.92462314E+00,+1.78598369E+00
-189.00E-06,-1.88442213E+00,+1.78598369E+00
-188.00E-06,-1.82914575E+00,+1.80105907E+00
-187.00E-06,-1.85929651E+00,+1.76085806E+00
-186.00E-06,-1.82914575E+00,+1.77593344E+00
-185.00E-06,-1.88442213E+00,+1.70558168E+00
-184.00E-06,-1.82914575E+00,+1.78598369E+00
-183.00E-06,-1.88442213E+00,+1.78598369E+00
-182.00E-06,-1.90954776E+00,+1.64025505E+00
-181.00E-06,-1.82914575E+00,+1.73573243E+00
-180.00E-06,-1.81909550E+00,+1.70558168E+00
-179.00E-06,-1.82914575E+00,+1.70558168E+00
-178.00E-06,-1.82914575E+00,+1.70558168E+00
-177.00E-06,-1.77889450E+00,+1.70558168E+00
-176.00E-06,-1.74874374E+00,+1.77593344E+00
-175.00E-06,-1.77889450E+00,+1.76085806E+00
-174.00E-06,-1.76381912E+00,+1.69553143E+00
-173.00E-06,-1.82914575E+00,+1.70558168E+00
-172.00E-06,-1.82914575E+00,+1.72065706E+00
-171.00E-06,-1.77889450E+00,+1.68045605E+00
-170.00E-06,-1.77889450E+00,+1.70558168E+00
-169.00E-06,-1.80402012E+00,+1.70558168E+00
-168.00E-06,-1.76381912E+00,+1.77593344E+00
-167.00E-06,-1.82914575E+00,+1.65533042E+00
-166.00E-06,-1.74874374E+00,+1.62517967E+00
-165.00E-06,-1.74874374E+00,+1.65533042E+00
-164.00E-06,-1.74874374E+00,+1.64025505E+00
-163.00E-06,-1.74874374E+00,+1.62517967E+00
-162.00E-06,-1.74874374E+00,+1.62517967E+00
-161.00E-06,-1.72361811E+00,+1.62517967E+00
-160.00E-06,-1.73869349E+00,+1.64025505E+00
-159.00E-06,-1.66834173E+00,+1.65533042E+00
-158.00E-06,-1.73869349E+00,+1.62517967E+00
-157.00E-06,-1.66834173E+00,+1.62517967E+00
-156.00E-06,-1.68341711E+00,+1.62517967E+00
-155.00E-06,-1.66834173E+00,+1.54477766E+00
-154.00E-06,-1.61809048E+00,+1.62517967E+00
-153.00E-06,-1.72361811E+00,+1.57492842E+00
-152.00E-06,-1.65829148E+00,+1.62517967E+00
-151.00E-06,-1.66834173E+00,+1.57492842E+00
-150.00E-06,-1.66834173E+00,+1.62517967E+00
-149.00E-06,-1.58793972E+00,+1.54477766E+00
-148.00E-06,-1.61809048E+00,+1.47945103E+00
-147.00E-06,-1.61809048E+00,+1.51965203E+00
-146.00E-06,-1.65829148E+00,+1.55985304E+00
-145.00E-06,-1.64321611E+00,+1.51965203E+00
-144.00E-06,-1.60301510E+00,+1.54477766E+00
-143.00E-06,-1.58793972E+00,+1.49452641E+00
-142.00E-06,-1.66834173E+00,+1.46437565E+00
-141.00E-06,-1.56281410E+00,+1.51965203E+00
-140.00E-06,-1.58793972E+00,+1.53472741E+00
-139.00E-06,-1.66834173E+00,+1.46437565E+00
-138.00E-06,-1.65829148E+00,+1.53472741E+00
-137.00E-06,-1.56281410E+00,+1.41412440E+00
-136.00E-06,-1.58793972E+00,+1.47945103E+00
-135.00E-06,-1.58793972E+00,+1.46437565E+00
-134.00E-06,-1.57788947E+00,+1.46437565E+00
-133.00E-06,-1.56281410E+00,+1.49452641E+00
-132.00E-06,-1.44221108E+00,+1.39904902E+00
-131.00E-06,-1.50753772E+00,+1.46437565E+00
-130.00E-06,-1.50753772E+00,+1.38397364E+00
-129.00E-06,-1.50753772E+00,+1.38397364E+00
-128.00E-06,-1.50753772E+00,+1.39904902E+00
-127.00E-06,-1.42713571E+00,+1.38397364E+00
-126.00E-06,-1.42713571E+00,+1.30357163E+00
-125.00E-06,-1.48241209E+00,+1.30357163E+00
-124.00E-06,-1.49748746E+00,+1.30357163E+00
-123.00E-06,-1.48241209E+00,+1.27844601E+00
-122.00E-06,-1.42713571E+00,+1.38397364E+00
-121.00E-06,-1.42713571E+00,+1.35884802E+00
-120.00E-06,-1.41708545E+00,+1.31864701E+00
-119.00E-06,-1.45728646E+00,+1.25332038E+00
-118.00E-06,-1.40201008E+00,+1.30357163E+00
-117.00E-06,-1.42713571E+00,+1.25332038E+00
-116.00E-06,-1.42713571E+00,+1.30357163E+00
-115.00E-06,-1.42713571E+00,+1.33372239E+00
-114.00E-06,-1.48241209E+00,+1.23824500E+00
-113.00E-06,-1.32160807E+00,+1.22316962E+00
-112.00E-06,-1.36180907E+00,+1.29352138E+00
-111.00E-06,-1.34673370E+00,+1.27844601E+00
-110.00E-06,-1.28140706E+00,+1.27844601E+00
-109.00E-06,-1.26633169E+00,+1.22316962E+00
-108.00E-06,-1.33668345E+00,+1.22316962E+00
-107.00E-06,-1.32160807E+00,+1.22316962E+00
-106.00E-06,-1.26633169E+00,+1.22316962E+00
-105.00E-06,-1.18592968E+00,+1.19804400E+00
-104.00E-06,-1.26633169E+00,+1.14276762E+00
-103.00E-06,-1.26633169E+00,+1.17291837E+00
-102.00E-06,-1.26633169E+00,+1.15784299E+00
-101.00E-06,-1.32160807E+00,+1.14276762E+00
-100.00E-06,-1.18592968E+00,+1.14276762E+00
-99.00E-06,-1.26633169E+00,+1.14276762E+00
-98.00E-06,-1.25628144E+00,+1.14276762E+00
-97.00E-06,-1.24120606E+00,+1.09251636E+00
-96.00E-06,-1.17587943E+00,+1.07744098E+00
-95.00E-06,-1.18592968E+00,+1.06236561E+00
-94.00E-06,-1.17587943E+00,+1.06236561E+00
-93.00E-06,-1.16080405E+00,+1.01211435E+00
-92.00E-06,-1.18592968E+00,+1.06236561E+00
-91.00E-06,-1.10552767E+00,+1.06236561E+00
-90.00E-06,-1.04020104E+00,+1.06236561E+00
-89.00E-06,-1.05527641E+00,+1.06236561E+00
-88.00E-06,-1.17587943E+00,+997.03897E-03
-87.00E-06,-1.05527641E+00,+1.01211435E+00
-86.00E-06,-1.02512566E+00,+981.96360E-03
-85.00E-06,-974.87440E-03,+981.96360E-03
-84.00E-06,-1.02512566E+00,+981.96360E-03
-83.00E-06,-1.02512566E+00,+1.03723998E+00
-82.00E-06,-1.02512566E+00,+916.63696E-03
-81.00E-06,-1.00000003E+00,+956.83797E-03
-80.00E-06,-1.02512566E+00,+901.56159E-03
-79.00E-06,-1.00000003E+00,+956.83797E-03
-78.00E-06,-944.72365E-03,+901.56159E-03
-77.00E-06,-944.72365E-03,+901.56159E-03
-76.00E-06,-944.72365E-03,+836.23496E-03
-75.00E-06,-974.87440E-03,+876.43596E-03
-74.00E-06,-959.79903E-03,+901.56159E-03
-73.00E-06,-864.32164E-03,+821.15958E-03
-72.00E-06,-934.67340E-03,+811.10933E-03
-71.00E-06,-919.59802E-03,+821.15958E-03
-70.00E-06,-934.67340E-03,+891.51134E-03
-69.00E-06,-864.32164E-03,+821.15958E-03
-68.00E-06,-944.72365E-03,+740.75757E-03
-67.00E-06,-894.47240E-03,+821.15958E-03
-66.00E-06,-864.32164E-03,+755.83295E-03
-65.00E-06,-894.47240E-03,+740.75757E-03
-64.00E-06,-864.32164E-03,+755.83295E-03
-63.00E-06,-814.07039E-03,+770.90832E-03
-62.00E-06,-783.91963E-03,+730.70732E-03
-61.00E-06,-783.91963E-03,+690.50631E-03
-60.00E-06,-798.99501E-03,+650.30531E-03
-59.00E-06,-814.07039E-03,+660.35556E-03
-58.00E-06,-783.91963E-03,+660.35556E-03
-57.00E-06,-783.91963E-03,+660.35556E-03
-56.00E-06,-783.91963E-03,+595.02893E-03
-55.00E-06,-783.91963E-03,+660.35556E-03
-54.00E-06,-773.86938E-03,+595.02893E-03
-53.00E-06,-703.51762E-03,+660.35556E-03
-52.00E-06,-718.59300E-03,+569.90330E-03
-51.00E-06,-703.51762E-03,+635.22993E-03
-50.00E-06,-703.51762E-03,+595.02893E-03
-49.00E-06,-653.26637E-03,+579.95355E-03
-48.00E-06,-638.19099E-03,+569.90330E-03
-47.00E-06,-597.98999E-03,+579.95355E-03
-46.00E-06,-623.11561E-03,+579.95355E-03
-45.00E-06,-542.71360E-03,+499.55154E-03
-44.00E-06,-623.11561E-03,+499.55154E-03
-43.00E-06,-678.39200E-03,+499.55154E-03
-42.00E-06,-623.11561E-03,+434.22491E-03
-41.00E-06,-623.11561E-03,+368.89828E-03
-40.00E-06,-542.71360E-03,+434.22491E-03
-39.00E-06,-492.46235E-03,+449.30029E-03
-38.00E-06,-532.66335E-03,+419.14953E-03
-37.00E-06,-572.86436E-03,+419.14953E-03
-36.00E-06,-477.38697E-03,+419.14953E-03
-35.00E-06,-517.58798E-03,+419.14953E-03
-34.00E-06,-492.46235E-03,+409.09928E-03
-33.00E-06,-492.46235E-03,+394.02391E-03
-32.00E-06,-412.06034E-03,+419.14953E-03
-31.00E-06,-381.90959E-03,+288.49627E-03
-30.00E-06,-396.98496E-03,+338.74752E-03
-29.00E-06,-381.90959E-03,+338.74752E-03
-28.00E-06,-452.26134E-03,+338.74752E-03
-27.00E-06,-356.78396E-03,+313.62190E-03
-26.00E-06,-396.98496E-03,+313.62190E-03
-25.00E-06,-381.90959E-03,+258.34551E-03
-24.00E-06,-301.50758E-03,+258.34551E-03
-23.00E-06,-356.78396E-03,+233.21989E-03
-22.00E-06,-316.58295E-03,+258.34551E-03
-21.00E-06,-331.65833E-03,+233.21989E-03
-20.00E-06,-371.85934E-03,+193.01888E-03
-19.00E-06,-301.50758E-03,+258.34551E-03
-18.00E-06,-291.45733E-03,+177.94351E-03
-17.00E-06,-276.38195E-03,+177.94351E-03
-16.00E-06,-236.18094E-03,+112.61687E-03
-15.00E-06,-195.97994E-03,+152.81788E-03
-14.00E-06,-236.18094E-03,+167.89325E-03
-13.00E-06,-170.85431E-03,+97.54150E-03
-12.00E-06,-221.10557E-03,+112.61687E-03
-11.00E-06,-251.25632E-03,+72.41587E-03
-10.00E-06,-211.05532E-03,+32.21486E-03
-9.00E-06,-170.85431E-03,+97.54150E-03
-8.00E-06,-140.70356E-03,+97.54150E-03
-7.00E-06,-195.97994E-03,+72.41587E-03
-6.00E-06,-75.37693E-03,+17.13949E-03
-5.00E-06,-115.57793E-03,+97.54150E-03
-4.00E-06,-140.70356E-03,-48.18715E-03
-3.00E-06,-90.45230E-03,+72.41587E-03
-2.00E-06,-50.25130E-03,-33.11177E-03
-1.00E-06,-60.30155E-03,-33.11177E-03
+0.0E+00,-75.37693E-03,+7.08924E-03
+1.00E-06,-60.30155E-03,-63.26252E-03
+2.00E-06,-50.25130E-03,-63.26252E-03
+3.00E-06,+20.10046E-03,-88.38815E-03
+4.00E-06,-50.25130E-03,-128.58915E-03
+5.00E-06,+70.35172E-03,-113.51378E-03
+6.00E-06,+20.10046E-03,-128.58915E-03
+7.00E-06,+45.22609E-03,-143.66453E-03
+8.00E-06,+20.10046E-03,-143.66453E-03
+9.00E-06,+70.35172E-03,-143.66453E-03
+10.00E-06,+100.50247E-03,-143.66453E-03
+11.00E-06,+100.50247E-03,-143.66453E-03
+12.00E-06,+85.42709E-03,-208.99116E-03
+13.00E-06,+70.35172E-03,-224.06654E-03
+14.00E-06,+100.50247E-03,-224.06654E-03
+15.00E-06,+70.35172E-03,-168.79016E-03
+16.00E-06,+165.82910E-03,-224.06654E-03
+17.00E-06,+180.90448E-03,-224.06654E-03
+18.00E-06,+180.90448E-03,-289.39317E-03
+19.00E-06,+180.90448E-03,-224.06654E-03
+20.00E-06,+180.90448E-03,-304.46855E-03
+21.00E-06,+180.90448E-03,-304.46855E-03
+22.00E-06,+246.23111E-03,-304.46855E-03
+23.00E-06,+206.03011E-03,-274.31780E-03
+24.00E-06,+261.30649E-03,-304.46855E-03
+25.00E-06,+261.30649E-03,-329.59418E-03
+26.00E-06,+326.63312E-03,-249.19217E-03
+27.00E-06,+261.30649E-03,-384.87056E-03
+28.00E-06,+341.70850E-03,-435.12181E-03
+29.00E-06,+341.70850E-03,-384.87056E-03
+30.00E-06,+261.30649E-03,-384.87056E-03
+31.00E-06,+341.70850E-03,-435.12181E-03
+32.00E-06,+326.63312E-03,-394.92081E-03
+33.00E-06,+341.70850E-03,-465.27257E-03
+34.00E-06,+341.70850E-03,-394.92081E-03
+35.00E-06,+341.70850E-03,-465.27257E-03
+36.00E-06,+422.11051E-03,-450.19719E-03
+37.00E-06,+391.95975E-03,-515.52382E-03
+38.00E-06,+407.03513E-03,-465.27257E-03
+39.00E-06,+366.83412E-03,-465.27257E-03
+40.00E-06,+422.11051E-03,-555.72483E-03
+41.00E-06,+391.95975E-03,-490.39820E-03
+42.00E-06,+432.16076E-03,-465.27257E-03
+43.00E-06,+472.36176E-03,-515.52382E-03
+44.00E-06,+567.83915E-03,-555.72483E-03
+45.00E-06,+502.51251E-03,-545.67458E-03
+46.00E-06,+502.51251E-03,-545.67458E-03
+47.00E-06,+502.51251E-03,-626.07659E-03
+48.00E-06,+567.83915E-03,-555.72483E-03
+49.00E-06,+552.76377E-03,-626.07659E-03
+50.00E-06,+582.91452E-03,-555.72483E-03
+51.00E-06,+582.91452E-03,-626.07659E-03
+52.00E-06,+582.91452E-03,-706.47860E-03
+53.00E-06,+552.76377E-03,-651.20221E-03
+54.00E-06,+527.63814E-03,-706.47860E-03
+55.00E-06,+582.91452E-03,-706.47860E-03
+56.00E-06,+663.31653E-03,-651.20221E-03
+57.00E-06,+633.16578E-03,-676.32784E-03
+58.00E-06,+663.31653E-03,-636.12684E-03
+59.00E-06,+663.31653E-03,-706.47860E-03
+60.00E-06,+728.64317E-03,-716.52885E-03
+61.00E-06,+608.04015E-03,-756.72985E-03
+62.00E-06,+673.36678E-03,-716.52885E-03
+63.00E-06,+743.71854E-03,-837.13186E-03
+64.00E-06,+728.64317E-03,-786.88060E-03
+65.00E-06,+688.44216E-03,-812.00623E-03
+66.00E-06,+728.64317E-03,-852.20724E-03
+67.00E-06,+743.71854E-03,-892.40824E-03
+68.00E-06,+743.71854E-03,-867.28261E-03
+69.00E-06,+768.84417E-03,-837.13186E-03
+70.00E-06,+753.76879E-03,-852.20724E-03
+71.00E-06,+768.84417E-03,-867.28261E-03
+72.00E-06,+768.84417E-03,-932.60925E-03
+73.00E-06,+824.12055E-03,-867.28261E-03
+74.00E-06,+834.17080E-03,-932.60925E-03
+75.00E-06,+824.12055E-03,-917.53387E-03
+76.00E-06,+834.17080E-03,-947.68462E-03
+77.00E-06,+874.37181E-03,-947.68462E-03
+78.00E-06,+834.17080E-03,-867.28261E-03
+79.00E-06,+874.37181E-03,-997.93588E-03
+80.00E-06,+969.84919E-03,-1.02808663E+00
+81.00E-06,+929.64819E-03,-997.93588E-03
+82.00E-06,+984.92457E-03,-1.02808663E+00
+83.00E-06,+904.52256E-03,-1.02808663E+00
+84.00E-06,+969.84919E-03,-1.02808663E+00
+85.00E-06,+984.92457E-03,-1.02808663E+00
+86.00E-06,+984.92457E-03,-1.09341326E+00
+87.00E-06,+1.01005020E+00,-1.02808663E+00
+88.00E-06,+1.03517583E+00,-1.03813688E+00
+89.00E-06,+1.01005020E+00,-1.02808663E+00
+90.00E-06,+1.05025120E+00,-1.03813688E+00
+91.00E-06,+1.01005020E+00,-1.07833789E+00
+92.00E-06,+1.05025120E+00,-1.09341326E+00
+93.00E-06,+1.06532658E+00,-1.10848864E+00
+94.00E-06,+1.14572859E+00,-1.05321226E+00
+95.00E-06,+954.77382E-03,-1.18889065E+00
+96.00E-06,+1.07537683E+00,-1.18889065E+00
+97.00E-06,+1.09045221E+00,-1.21401628E+00
+98.00E-06,+1.14572859E+00,-1.18889065E+00
+99.00E-06,+1.11557783E+00,-1.18889065E+00
+100.00E-06,+1.07537683E+00,-1.18889065E+00
+101.00E-06,+1.14572859E+00,-1.15873990E+00
+102.00E-06,+1.14572859E+00,-1.26929266E+00
+103.00E-06,+1.17085422E+00,-1.18889065E+00
+104.00E-06,+1.14572859E+00,-1.25421728E+00
+105.00E-06,+1.14572859E+00,-1.18889065E+00
+106.00E-06,+1.15577884E+00,-1.26929266E+00
+107.00E-06,+1.22613060E+00,-1.26929266E+00
+108.00E-06,+1.21105522E+00,-1.27934291E+00
+109.00E-06,+1.17085422E+00,-1.23914191E+00
+110.00E-06,+1.15577884E+00,-1.25421728E+00
+111.00E-06,+1.22613060E+00,-1.26929266E+00
+112.00E-06,+1.22613060E+00,-1.27934291E+00
+113.00E-06,+1.25125623E+00,-1.34969467E+00
+114.00E-06,+1.22613060E+00,-1.34969467E+00
+115.00E-06,+1.30653261E+00,-1.34969467E+00
+116.00E-06,+1.30653261E+00,-1.39994592E+00
+117.00E-06,+1.30653261E+00,-1.34969467E+00
+118.00E-06,+1.23618085E+00,-1.34969467E+00
+119.00E-06,+1.22613060E+00,-1.39994592E+00
+120.00E-06,+1.30653261E+00,-1.34969467E+00
+121.00E-06,+1.35678386E+00,-1.39994592E+00
+122.00E-06,+1.38693462E+00,-1.35974492E+00
+123.00E-06,+1.30653261E+00,-1.39994592E+00
+124.00E-06,+1.38693462E+00,-1.41502130E+00
+125.00E-06,+1.38693462E+00,-1.43009668E+00
+126.00E-06,+1.31658286E+00,-1.51049869E+00
+127.00E-06,+1.27638185E+00,-1.39994592E+00
+128.00E-06,+1.38693462E+00,-1.49542331E+00
+129.00E-06,+1.38693462E+00,-1.43009668E+00
+130.00E-06,+1.39698487E+00,-1.49542331E+00
+131.00E-06,+1.46733662E+00,-1.43009668E+00
+132.00E-06,+1.45226125E+00,-1.57582532E+00
+133.00E-06,+1.43718587E+00,-1.53562432E+00
+134.00E-06,+1.45226125E+00,-1.52054894E+00
+135.00E-06,+1.46733662E+00,-1.51049869E+00
+136.00E-06,+1.45226125E+00,-1.44014693E+00
+137.00E-06,+1.43718587E+00,-1.53562432E+00
+138.00E-06,+1.46733662E+00,-1.52054894E+00
+139.00E-06,+1.46733662E+00,-1.56074994E+00
+140.00E-06,+1.39698487E+00,-1.59090070E+00
+141.00E-06,+1.46733662E+00,-1.59090070E+00
+142.00E-06,+1.53266326E+00,-1.59090070E+00
+143.00E-06,+1.51758788E+00,-1.59090070E+00
+144.00E-06,+1.54773863E+00,-1.59090070E+00
+145.00E-06,+1.49246225E+00,-1.59090070E+00
+146.00E-06,+1.55778889E+00,-1.64115195E+00
+147.00E-06,+1.54773863E+00,-1.59090070E+00
+148.00E-06,+1.49246225E+00,-1.59090070E+00
+149.00E-06,+1.49246225E+00,-1.64115195E+00
+150.00E-06,+1.53266326E+00,-1.60095095E+00
+151.00E-06,+1.59798989E+00,-1.61602632E+00
+152.00E-06,+1.54773863E+00,-1.65622733E+00
+153.00E-06,+1.51758788E+00,-1.72155396E+00
+154.00E-06,+1.55778889E+00,-1.65622733E+00
+155.00E-06,+1.62814064E+00,-1.61602632E+00
+156.00E-06,+1.61306527E+00,-1.65622733E+00
+157.00E-06,+1.62814064E+00,-1.67130271E+00
+158.00E-06,+1.61306527E+00,-1.67130271E+00
+159.00E-06,+1.59798989E+00,-1.75170472E+00
+160.00E-06,+1.62814064E+00,-1.75170472E+00
+161.00E-06,+1.67839190E+00,-1.75170472E+00
+162.00E-06,+1.62814064E+00,-1.73662934E+00
+163.00E-06,+1.65326627E+00,-1.69642833E+00
+164.00E-06,+1.63819089E+00,-1.75170472E+00
+165.00E-06,+1.65326627E+00,-1.69642833E+00
+166.00E-06,+1.63819089E+00,-1.75170472E+00
+167.00E-06,+1.70854265E+00,-1.69642833E+00
+168.00E-06,+1.62814064E+00,-1.83210672E+00
+169.00E-06,+1.67839190E+00,-1.77683034E+00
+170.00E-06,+1.70854265E+00,-1.75170472E+00
+171.00E-06,+1.70854265E+00,-1.77683034E+00
+172.00E-06,+1.71859290E+00,-1.75170472E+00
+173.00E-06,+1.75879391E+00,-1.80195597E+00
+174.00E-06,+1.78894466E+00,-1.81703135E+00
+175.00E-06,+1.70854265E+00,-1.83210672E+00
+176.00E-06,+1.78894466E+00,-1.83210672E+00
+177.00E-06,+1.70854265E+00,-1.80195597E+00
+178.00E-06,+1.65326627E+00,-1.76175497E+00
+179.00E-06,+1.75879391E+00,-1.83210672E+00
+180.00E-06,+1.78894466E+00,-1.83210672E+00
+181.00E-06,+1.70854265E+00,-1.77683034E+00
+182.00E-06,+1.73366828E+00,-1.84215698E+00
+183.00E-06,+1.70854265E+00,-1.83210672E+00
+184.00E-06,+1.85427129E+00,-1.76175497E+00
+185.00E-06,+1.78894466E+00,-1.83210672E+00
+186.00E-06,+1.70854265E+00,-1.77683034E+00
+187.00E-06,+1.73366828E+00,-1.91250873E+00
+188.00E-06,+1.85427129E+00,-1.84215698E+00
+189.00E-06,+1.78894466E+00,-1.91250873E+00
+190.00E-06,+1.78894466E+00,-1.83210672E+00
+191.00E-06,+1.78894466E+00,-1.85723235E+00
+192.00E-06,+1.85427129E+00,-1.89743336E+00
+193.00E-06,+1.83919592E+00,-1.85723235E+00
+194.00E-06,+1.83919592E+00,-1.92255898E+00
+195.00E-06,+1.83919592E+00,-1.85723235E+00
+196.00E-06,+1.85427129E+00,-1.85723235E+00
+197.00E-06,+1.83919592E+00,-1.88235798E+00
+198.00E-06,+1.85427129E+00,-1.91250873E+00
+199.00E-06,+1.86934667E+00,-1.91250873E+00
+200.00E-06,+1.85427129E+00,-1.84215698E+00
+201.00E-06,+1.81407029E+00,-1.83210672E+00
+202.00E-06,+1.86934667E+00,-1.91250873E+00
+203.00E-06,+1.81407029E+00,-1.91250873E+00
+204.00E-06,+1.86934667E+00,-1.91250873E+00
+205.00E-06,+1.83919592E+00,-1.91250873E+00
+206.00E-06,+1.81407029E+00,-1.97783537E+00
+207.00E-06,+1.89447230E+00,-1.96275999E+00
+208.00E-06,+1.86934667E+00,-1.97783537E+00
+209.00E-06,+1.86934667E+00,-1.91250873E+00
+210.00E-06,+1.85427129E+00,-2.00296099E+00
+211.00E-06,+1.89447230E+00,-1.91250873E+00
+212.00E-06,+1.85427129E+00,-1.99291074E+00
+213.00E-06,+1.83919592E+00,-1.99291074E+00
+214.00E-06,+1.93467330E+00,-1.92255898E+00
+215.00E-06,+1.89447230E+00,-1.96275999E+00
+216.00E-06,+1.94974868E+00,-1.92255898E+00
+217.00E-06,+1.86934667E+00,-1.96275999E+00
+218.00E-06,+1.86934667E+00,-1.99291074E+00
+219.00E-06,+1.86934667E+00,-1.91250873E+00
+220.00E-06,+1.79899491E+00,-1.99291074E+00
+221.00E-06,+1.86934667E+00,-1.96275999E+00
+222.00E-06,+1.87939692E+00,-1.99291074E+00
+223.00E-06,+1.89447230E+00,-1.99291074E+00
+224.00E-06,+1.87939692E+00,-2.05823738E+00
+225.00E-06,+1.94974868E+00,-1.99291074E+00
+226.00E-06,+1.89447230E+00,-1.99291074E+00
+227.00E-06,+1.94974868E+00,-1.99291074E+00
+228.00E-06,+1.94974868E+00,-1.97783537E+00
+229.00E-06,+1.89447230E+00,-1.93763436E+00
+230.00E-06,+1.94974868E+00,-1.92255898E+00
+231.00E-06,+1.94974868E+00,-1.99291074E+00
+232.00E-06,+1.93467330E+00,-1.99291074E+00
+233.00E-06,+1.94974868E+00,-2.04316200E+00
+234.00E-06,+1.94974868E+00,-1.99291074E+00
+235.00E-06,+1.91959793E+00,-1.99291074E+00
+236.00E-06,+1.94974868E+00,-2.05823738E+00
+237.00E-06,+1.99999994E+00,-1.96275999E+00
+238.00E-06,+1.93467330E+00,-2.05823738E+00
+239.00E-06,+1.89447230E+00,-1.99291074E+00
+240.00E-06,+1.95979893E+00,-1.99291074E+00
+241.00E-06,+1.94974868E+00,-1.99291074E+00
+242.00E-06,+1.87939692E+00,-1.97783537E+00
+243.00E-06,+1.91959793E+00,-2.04316200E+00
+244.00E-06,+1.87939692E+00,-2.05823738E+00
+245.00E-06,+1.94974868E+00,-2.01803637E+00
+246.00E-06,+1.94974868E+00,-1.99291074E+00
+247.00E-06,+1.94974868E+00,-2.04316200E+00
+248.00E-06,+1.94974868E+00,-1.99291074E+00
+249.00E-06,+1.91959793E+00,-1.99291074E+00
+250.00E-06,+1.94974868E+00,-2.05823738E+00
+251.00E-06,+1.97487431E+00,-1.99291074E+00
+252.00E-06,+2.01507531E+00,-1.92255898E+00
+253.00E-06,+1.91959793E+00,-2.01803637E+00
+254.00E-06,+1.95979893E+00,-2.05823738E+00
+255.00E-06,+1.97487431E+00,-1.99291074E+00
+256.00E-06,+1.87939692E+00,-2.07331275E+00
+257.00E-06,+1.94974868E+00,-2.01803637E+00
+258.00E-06,+1.93467330E+00,-2.07331275E+00
+259.00E-06,+1.94974868E+00,-2.01803637E+00
+260.00E-06,+1.87939692E+00,-1.99291074E+00
+261.00E-06,+1.89447230E+00,-2.07331275E+00
+262.00E-06,+1.86934667E+00,-2.07331275E+00
+263.00E-06,+1.94974868E+00,-2.01803637E+00
+264.00E-06,+1.87939692E+00,-2.13863938E+00
+265.00E-06,+1.94974868E+00,-2.04316200E+00
+266.00E-06,+1.86934667E+00,-2.04316200E+00
+267.00E-06,+1.94974868E+00,-2.04316200E+00
+268.00E-06,+1.87939692E+00,-1.99291074E+00
+269.00E-06,+1.94974868E+00,-1.99291074E+00
+270.00E-06,+1.94974868E+00,-2.00296099E+00
+271.00E-06,+1.97487431E+00,-1.99291074E+00
+272.00E-06,+2.01507531E+00,-1.99291074E+00
+273.00E-06,+1.89447230E+00,-2.01803637E+00
+274.00E-06,+1.94974868E+00,-2.00296099E+00
+275.00E-06,+1.94974868E+00,-1.99291074E+00
+276.00E-06,+1.93467330E+00,-1.99291074E+00
+277.00E-06,+1.94974868E+00,-1.96275999E+00
+278.00E-06,+1.94974868E+00,-1.92255898E+00
+279.00E-06,+1.91959793E+00,-1.93763436E+00
+280.00E-06,+1.79899491E+00,-1.99291074E+00
+281.00E-06,+1.89447230E+00,-1.96275999E+00
+282.00E-06,+1.87939692E+00,-1.99291074E+00
+283.00E-06,+1.86934667E+00,-2.01803637E+00
+284.00E-06,+1.86934667E+00,-2.05823738E+00
+285.00E-06,+1.86934667E+00,-2.04316200E+00
+286.00E-06,+1.87939692E+00,-2.05823738E+00
+287.00E-06,+1.91959793E+00,-1.96275999E+00
+288.00E-06,+1.93467330E+00,-1.97783537E+00
+289.00E-06,+1.89447230E+00,-1.99291074E+00
+290.00E-06,+1.94974868E+00,-1.99291074E+00
+291.00E-06,+1.94974868E+00,-1.96275999E+00
+292.00E-06,+1.86934667E+00,-1.97783537E+00
+293.00E-06,+1.86934667E+00,-1.99291074E+00
+294.00E-06,+1.86934667E+00,-1.84215698E+00
+295.00E-06,+1.86934667E+00,-1.88235798E+00
+296.00E-06,+1.86934667E+00,-1.99291074E+00
+297.00E-06,+1.86934667E+00,-1.93763436E+00
+298.00E-06,+1.85427129E+00,-1.92255898E+00
+299.00E-06,+1.89447230E+00,-1.88235798E+00
+300.00E-06,+1.86934667E+00,-1.92255898E+00
+301.00E-06,+1.86934667E+00,-1.85723235E+00
+302.00E-06,+1.86934667E+00,-1.92255898E+00
+303.00E-06,+1.83919592E+00,-1.96275999E+00
+304.00E-06,+1.86934667E+00,-1.84215698E+00
+305.00E-06,+1.83919592E+00,-1.93763436E+00
+306.00E-06,+1.86934667E+00,-1.89743336E+00
+307.00E-06,+1.81407029E+00,-1.88235798E+00
+308.00E-06,+1.79899491E+00,-1.91250873E+00
+309.00E-06,+1.78894466E+00,-1.91250873E+00
+310.00E-06,+1.79899491E+00,-1.99291074E+00
+311.00E-06,+1.86934667E+00,-1.96275999E+00
+312.00E-06,+1.79899491E+00,-1.91250873E+00
+313.00E-06,+1.86934667E+00,-1.91250873E+00
+314.00E-06,+1.85427129E+00,-1.89743336E+00
+315.00E-06,+1.86934667E+00,-1.88235798E+00
+316.00E-06,+1.79899491E+00,-1.89743336E+00
+317.00E-06,+1.81407029E+00,-1.91250873E+00
+318.00E-06,+1.78894466E+00,-1.83210672E+00
+319.00E-06,+1.83919592E+00,-1.91250873E+00
+320.00E-06,+1.85427129E+00,-1.84215698E+00
+321.00E-06,+1.73366828E+00,-1.88235798E+00
+322.00E-06,+1.77386928E+00,-1.89743336E+00
+323.00E-06,+1.75879391E+00,-1.88235798E+00
+324.00E-06,+1.78894466E+00,-1.91250873E+00
+325.00E-06,+1.73366828E+00,-1.91250873E+00
+326.00E-06,+1.78894466E+00,-1.83210672E+00
+327.00E-06,+1.75879391E+00,-1.93763436E+00
+328.00E-06,+1.78894466E+00,-1.76175497E+00
+329.00E-06,+1.78894466E+00,-1.77683034E+00
+330.00E-06,+1.77386928E+00,-1.81703135E+00
+331.00E-06,+1.73366828E+00,-1.80195597E+00
+332.00E-06,+1.75879391E+00,-1.83210672E+00
+333.00E-06,+1.67839190E+00,-1.88235798E+00
+334.00E-06,+1.70854265E+00,-1.76175497E+00
+335.00E-06,+1.70854265E+00,-1.75170472E+00
+336.00E-06,+1.70854265E+00,-1.81703135E+00
+337.00E-06,+1.78894466E+00,-1.83210672E+00
+338.00E-06,+1.71859290E+00,-1.76175497E+00
+339.00E-06,+1.65326627E+00,-1.83210672E+00
+340.00E-06,+1.70854265E+00,-1.75170472E+00
+341.00E-06,+1.70854265E+00,-1.75170472E+00
+342.00E-06,+1.62814064E+00,-1.75170472E+00
+343.00E-06,+1.57286426E+00,-1.80195597E+00
+344.00E-06,+1.67839190E+00,-1.76175497E+00
+345.00E-06,+1.62814064E+00,-1.75170472E+00
+346.00E-06,+1.67839190E+00,-1.75170472E+00
+347.00E-06,+1.57286426E+00,-1.75170472E+00
+348.00E-06,+1.63819089E+00,-1.68135296E+00
+349.00E-06,+1.67839190E+00,-1.75170472E+00
+350.00E-06,+1.62814064E+00,-1.73662934E+00
+351.00E-06,+1.67839190E+00,-1.75170472E+00
+352.00E-06,+1.62814064E+00,-1.73662934E+00
+353.00E-06,+1.57286426E+00,-1.72155396E+00
+354.00E-06,+1.62814064E+00,-1.61602632E+00
+355.00E-06,+1.59798989E+00,-1.72155396E+00
+356.00E-06,+1.54773863E+00,-1.73662934E+00
+357.00E-06,+1.62814064E+00,-1.67130271E+00
+358.00E-06,+1.47738688E+00,-1.67130271E+00
+359.00E-06,+1.57286426E+00,-1.61602632E+00
+360.00E-06,+1.61306527E+00,-1.53562432E+00
+361.00E-06,+1.51758788E+00,-1.64115195E+00
+362.00E-06,+1.54773863E+00,-1.73662934E+00
+363.00E-06,+1.49246225E+00,-1.72155396E+00
+364.00E-06,+1.54773863E+00,-1.65622733E+00
+365.00E-06,+1.49246225E+00,-1.64115195E+00
+366.00E-06,+1.54773863E+00,-1.59090070E+00
+367.00E-06,+1.54773863E+00,-1.64115195E+00
+368.00E-06,+1.54773863E+00,-1.59090070E+00
+369.00E-06,+1.54773863E+00,-1.59090070E+00
+370.00E-06,+1.46733662E+00,-1.59090070E+00
+371.00E-06,+1.46733662E+00,-1.59090070E+00
+372.00E-06,+1.46733662E+00,-1.57582532E+00
+373.00E-06,+1.51758788E+00,-1.59090070E+00
+374.00E-06,+1.46733662E+00,-1.51049869E+00
+375.00E-06,+1.49246225E+00,-1.51049869E+00
+376.00E-06,+1.39698487E+00,-1.57582532E+00
+377.00E-06,+1.43718587E+00,-1.51049869E+00
+378.00E-06,+1.45226125E+00,-1.52054894E+00
+379.00E-06,+1.38693462E+00,-1.48034793E+00
+380.00E-06,+1.38693462E+00,-1.57582532E+00
+381.00E-06,+1.43718587E+00,-1.48034793E+00
+382.00E-06,+1.38693462E+00,-1.44014693E+00
+383.00E-06,+1.41206024E+00,-1.45522231E+00
+384.00E-06,+1.38693462E+00,-1.44014693E+00
+385.00E-06,+1.35678386E+00,-1.51049869E+00
+386.00E-06,+1.31658286E+00,-1.49542331E+00
+387.00E-06,+1.35678386E+00,-1.48034793E+00
+388.00E-06,+1.38693462E+00,-1.49542331E+00
+389.00E-06,+1.30653261E+00,-1.43009668E+00
+390.00E-06,+1.31658286E+00,-1.43009668E+00
+391.00E-06,+1.30653261E+00,-1.43009668E+00
+392.00E-06,+1.29145723E+00,-1.43009668E+00
+393.00E-06,+1.30653261E+00,-1.34969467E+00
+394.00E-06,+1.30653261E+00,-1.35974492E+00
+395.00E-06,+1.33165823E+00,-1.39994592E+00
+396.00E-06,+1.30653261E+00,-1.34969467E+00
+397.00E-06,+1.27638185E+00,-1.43009668E+00
+398.00E-06,+1.23618085E+00,-1.34969467E+00
+399.00E-06,+1.22613060E+00,-1.39994592E+00
+400.00E-06,+1.29145723E+00,-1.33461929E+00
+401.00E-06,+1.17085422E+00,-1.31954392E+00
+402.00E-06,+1.22613060E+00,-1.26929266E+00
+403.00E-06,+1.22613060E+00,-1.34969467E+00
+404.00E-06,+1.22613060E+00,-1.26929266E+00
+405.00E-06,+1.22613060E+00,-1.21401628E+00
+406.00E-06,+1.15577884E+00,-1.33461929E+00
+407.00E-06,+1.14572859E+00,-1.26929266E+00
+408.00E-06,+1.14572859E+00,-1.26929266E+00
+409.00E-06,+1.19597984E+00,-1.26929266E+00
+410.00E-06,+1.14572859E+00,-1.19894090E+00
+411.00E-06,+1.11557783E+00,-1.18889065E+00
+412.00E-06,+1.09045221E+00,-1.18889065E+00
+413.00E-06,+1.14572859E+00,-1.18889065E+00
+414.00E-06,+1.13065321E+00,-1.13361427E+00
+415.00E-06,+1.11557783E+00,-1.13361427E+00
+416.00E-06,+1.06532658E+00,-1.18889065E+00
+417.00E-06,+1.11557783E+00,-1.18889065E+00
+418.00E-06,+1.13065321E+00,-1.18889065E+00
+419.00E-06,+1.09045221E+00,-1.13361427E+00
+420.00E-06,+1.07537683E+00,-1.18889065E+00
+421.00E-06,+1.03517583E+00,-1.18889065E+00
+422.00E-06,+1.06532658E+00,-1.18889065E+00
+423.00E-06,+1.06532658E+00,-1.10848864E+00
+424.00E-06,+984.92457E-03,-1.09341326E+00
+425.00E-06,+1.01005020E+00,-1.07833789E+00
+426.00E-06,+1.05025120E+00,-1.17381527E+00
+427.00E-06,+984.92457E-03,-1.10848864E+00
+428.00E-06,+914.57281E-03,-1.09341326E+00
+429.00E-06,+1.03517583E+00,-1.10848864E+00
+430.00E-06,+904.52256E-03,-1.02808663E+00
+431.00E-06,+874.37181E-03,-1.07833789E+00
+432.00E-06,+914.57281E-03,-1.09341326E+00
+433.00E-06,+984.92457E-03,-1.05321226E+00
+434.00E-06,+984.92457E-03,-947.68462E-03
+435.00E-06,+904.52256E-03,-972.81025E-03
+436.00E-06,+904.52256E-03,-1.02808663E+00
+437.00E-06,+874.37181E-03,-997.93588E-03
+438.00E-06,+904.52256E-03,-947.68462E-03
+439.00E-06,+929.64819E-03,-947.68462E-03
+440.00E-06,+904.52256E-03,-877.33287E-03
+441.00E-06,+874.37181E-03,-867.28261E-03
+442.00E-06,+824.12055E-03,-877.33287E-03
+443.00E-06,+824.12055E-03,-947.68462E-03
+444.00E-06,+753.76879E-03,-947.68462E-03
+445.00E-06,+874.37181E-03,-867.28261E-03
+446.00E-06,+824.12055E-03,-932.60925E-03
+447.00E-06,+743.71854E-03,-837.13186E-03
+448.00E-06,+809.04517E-03,-867.28261E-03
+449.00E-06,+743.71854E-03,-786.88060E-03
+450.00E-06,+874.37181E-03,-867.28261E-03
+451.00E-06,+793.96980E-03,-812.00623E-03
+452.00E-06,+728.64317E-03,-867.28261E-03
+453.00E-06,+688.44216E-03,-812.00623E-03
+454.00E-06,+728.64317E-03,-796.93086E-03
+455.00E-06,+688.44216E-03,-786.88060E-03
+456.00E-06,+663.31653E-03,-786.88060E-03
+457.00E-06,+713.56779E-03,-867.28261E-03
+458.00E-06,+663.31653E-03,-771.80523E-03
+459.00E-06,+633.16578E-03,-706.47860E-03
+460.00E-06,+663.31653E-03,-706.47860E-03
+461.00E-06,+663.31653E-03,-706.47860E-03
+462.00E-06,+592.96477E-03,-706.47860E-03
+463.00E-06,+582.91452E-03,-756.72985E-03
+464.00E-06,+663.31653E-03,-636.12684E-03
+465.00E-06,+608.04015E-03,-676.32784E-03
+466.00E-06,+648.24116E-03,-636.12684E-03
+467.00E-06,+527.63814E-03,-626.07659E-03
+468.00E-06,+582.91452E-03,-691.40322E-03
+469.00E-06,+633.16578E-03,-626.07659E-03
+470.00E-06,+502.51251E-03,-555.72483E-03
+471.00E-06,+502.51251E-03,-626.07659E-03
+472.00E-06,+487.43714E-03,-626.07659E-03
+473.00E-06,+422.11051E-03,-706.47860E-03
+474.00E-06,+502.51251E-03,-555.72483E-03
+475.00E-06,+527.63814E-03,-595.92583E-03
+476.00E-06,+502.51251E-03,-545.67458E-03
+477.00E-06,+422.11051E-03,-595.92583E-03
+478.00E-06,+432.16076E-03,-490.39820E-03
+479.00E-06,+472.36176E-03,-465.27257E-03
+480.00E-06,+422.11051E-03,-465.27257E-03
+481.00E-06,+391.95975E-03,-465.27257E-03
+482.00E-06,+422.11051E-03,-465.27257E-03
+483.00E-06,+391.95975E-03,-465.27257E-03
+484.00E-06,+422.11051E-03,-450.19719E-03
+485.00E-06,+366.83412E-03,-435.12181E-03
+486.00E-06,+341.70850E-03,-384.87056E-03
+487.00E-06,+391.95975E-03,-384.87056E-03
+488.00E-06,+407.03513E-03,-465.27257E-03
+489.00E-06,+341.70850E-03,-435.12181E-03
+490.00E-06,+271.35674E-03,-394.92081E-03
+491.00E-06,+286.43211E-03,-435.12181E-03
+492.00E-06,+261.30649E-03,-304.46855E-03
+493.00E-06,+311.55774E-03,-304.46855E-03
+494.00E-06,+261.30649E-03,-384.87056E-03
+495.00E-06,+261.30649E-03,-354.71981E-03
+496.00E-06,+180.90448E-03,-314.51880E-03
+497.00E-06,+286.43211E-03,-329.59418E-03
+498.00E-06,+180.90448E-03,-289.39317E-03
+499.00E-06,+231.15573E-03,-304.46855E-03
+500.00E-06,+180.90448E-03,-304.46855E-03
+501.00E-06,+206.03011E-03,-249.19217E-03
+502.00E-06,+165.82910E-03,-234.11679E-03
+503.00E-06,+180.90448E-03,-274.31780E-03
+504.00E-06,+110.55272E-03,-208.99116E-03
+505.00E-06,+150.75372E-03,-224.06654E-03
+506.00E-06,+100.50247E-03,-168.79016E-03
+507.00E-06,+70.35172E-03,-249.19217E-03
+508.00E-06,+30.15071E-03,-224.06654E-03
+509.00E-06,+100.50247E-03,-193.91579E-03
+510.00E-06,+85.42709E-03,-143.66453E-03
+511.00E-06,+70.35172E-03,-224.06654E-03
+512.00E-06,+30.15071E-03,-153.71478E-03
+513.00E-06,+70.35172E-03,-113.51378E-03
+514.00E-06,+20.10046E-03,-143.66453E-03
+515.00E-06,+45.22609E-03,-113.51378E-03
+516.00E-06,-35.17592E-03,-143.66453E-03
+517.00E-06,-35.17592E-03,-143.66453E-03
+518.00E-06,+20.10046E-03,-73.31277E-03
+519.00E-06,-10.05029E-03,-63.26252E-03
+520.00E-06,-60.30155E-03,-128.58915E-03
+521.00E-06,-60.30155E-03,-88.38815E-03
+522.00E-06,-60.30155E-03,-63.26252E-03
+523.00E-06,-10.05029E-03,-33.11177E-03
+524.00E-06,-60.30155E-03,+17.13949E-03
+525.00E-06,-140.70356E-03,-63.26252E-03
+526.00E-06,-211.05532E-03,+17.13949E-03
+527.00E-06,-60.30155E-03,+72.41587E-03
+528.00E-06,-211.05532E-03,+32.21486E-03
+529.00E-06,-140.70356E-03,+97.54150E-03
+530.00E-06,-140.70356E-03,+17.13949E-03
+531.00E-06,-301.50758E-03,+47.29024E-03
+532.00E-06,-221.10557E-03,+97.54150E-03
+533.00E-06,-195.97994E-03,+97.54150E-03
+534.00E-06,-291.45733E-03,+112.61687E-03
+535.00E-06,-276.38195E-03,+47.29024E-03
+536.00E-06,-221.10557E-03,+177.94351E-03
+537.00E-06,-221.10557E-03,+127.69225E-03
+538.00E-06,-291.45733E-03,+177.94351E-03
+539.00E-06,-331.65833E-03,+127.69225E-03
+540.00E-06,-291.45733E-03,+97.54150E-03
+541.00E-06,-251.25632E-03,+233.21989E-03
+542.00E-06,-236.18094E-03,+248.29526E-03
+543.00E-06,-276.38195E-03,+208.09426E-03
+544.00E-06,-371.85934E-03,+177.94351E-03
+545.00E-06,-251.25632E-03,+208.09426E-03
+546.00E-06,-301.50758E-03,+258.34551E-03
+547.00E-06,-301.50758E-03,+313.62190E-03
+548.00E-06,-301.50758E-03,+273.42089E-03
+549.00E-06,-381.90959E-03,+258.34551E-03
+550.00E-06,-452.26134E-03,+273.42089E-03
+551.00E-06,-492.46235E-03,+313.62190E-03
+552.00E-06,-396.98496E-03,+273.42089E-03
+553.00E-06,-437.18597E-03,+313.62190E-03
+554.00E-06,-381.90959E-03,+273.42089E-03
+555.00E-06,-412.06034E-03,+288.49627E-03
+556.00E-06,-412.06034E-03,+409.09928E-03
+557.00E-06,-462.31160E-03,+338.74752E-03
+558.00E-06,-462.31160E-03,+409.09928E-03
+559.00E-06,-462.31160E-03,+419.14953E-03
+560.00E-06,-462.31160E-03,+419.14953E-03
+561.00E-06,-462.31160E-03,+419.14953E-03
+562.00E-06,-532.66335E-03,+419.14953E-03
+563.00E-06,-517.58798E-03,+499.55154E-03
+564.00E-06,-542.71360E-03,+419.14953E-03
+565.00E-06,-542.71360E-03,+449.30029E-03
+566.00E-06,-613.06536E-03,+419.14953E-03
+567.00E-06,-597.98999E-03,+474.42591E-03
+568.00E-06,-542.71360E-03,+499.55154E-03
+569.00E-06,-597.98999E-03,+499.55154E-03
+570.00E-06,-613.06536E-03,+499.55154E-03
+571.00E-06,-623.11561E-03,+554.82792E-03
+572.00E-06,-638.19099E-03,+499.55154E-03
+573.00E-06,-597.98999E-03,+610.10430E-03
+574.00E-06,-638.19099E-03,+514.62692E-03
+575.00E-06,-703.51762E-03,+529.70230E-03
+576.00E-06,-693.46737E-03,+514.62692E-03
+577.00E-06,-703.51762E-03,+579.95355E-03
+578.00E-06,-678.39200E-03,+579.95355E-03
+579.00E-06,-703.51762E-03,+610.10430E-03
+580.00E-06,-773.86938E-03,+660.35556E-03
+581.00E-06,-703.51762E-03,+610.10430E-03
+582.00E-06,-783.91963E-03,+595.02893E-03
+583.00E-06,-758.79400E-03,+660.35556E-03
+584.00E-06,-703.51762E-03,+730.70732E-03
+585.00E-06,-783.91963E-03,+660.35556E-03
+586.00E-06,-783.91963E-03,+675.43094E-03
+587.00E-06,-703.51762E-03,+635.22993E-03
+588.00E-06,-773.86938E-03,+675.43094E-03
+589.00E-06,-783.91963E-03,+740.75757E-03
+590.00E-06,-783.91963E-03,+740.75757E-03
+591.00E-06,-839.19601E-03,+740.75757E-03
+592.00E-06,-854.27139E-03,+811.10933E-03
+593.00E-06,-894.47240E-03,+770.90832E-03
+594.00E-06,-798.99501E-03,+811.10933E-03
+595.00E-06,-919.59802E-03,+770.90832E-03
+596.00E-06,-864.32164E-03,+755.83295E-03
+597.00E-06,-839.19601E-03,+660.35556E-03
+598.00E-06,-934.67340E-03,+821.15958E-03
+599.00E-06,-919.59802E-03,+851.31033E-03
+600.00E-06,-944.72365E-03,+821.15958E-03
+601.00E-06,-864.32164E-03,+821.15958E-03
+602.00E-06,-959.79903E-03,+821.15958E-03
+603.00E-06,-944.72365E-03,+901.56159E-03
+604.00E-06,-959.79903E-03,+891.51134E-03
+605.00E-06,-919.59802E-03,+901.56159E-03
+606.00E-06,-944.72365E-03,+901.56159E-03
+607.00E-06,-974.87440E-03,+876.43596E-03
+608.00E-06,-1.01507541E+00,+901.56159E-03
+609.00E-06,-944.72365E-03,+851.31033E-03
+610.00E-06,-1.04020104E+00,+981.96360E-03
+611.00E-06,-1.00000003E+00,+931.71234E-03
+612.00E-06,-1.08040204E+00,+916.63696E-03
+613.00E-06,-1.02512566E+00,+931.71234E-03
+614.00E-06,-1.09547742E+00,+971.91335E-03
+615.00E-06,-1.08040204E+00,+981.96360E-03
+616.00E-06,-1.10552767E+00,+981.96360E-03
+617.00E-06,-1.02512566E+00,+956.83797E-03
+618.00E-06,-1.24120606E+00,+981.96360E-03
+619.00E-06,-1.10552767E+00,+1.06236561E+00
+620.00E-06,-1.04020104E+00,+997.03897E-03
+621.00E-06,-1.10552767E+00,+1.01211435E+00
+622.00E-06,-1.12060305E+00,+1.06236561E+00
+623.00E-06,-1.16080405E+00,+1.06236561E+00
+624.00E-06,-1.18592968E+00,+1.06236561E+00
+625.00E-06,-1.18592968E+00,+1.06236561E+00
+626.00E-06,-1.18592968E+00,+1.13271736E+00
+627.00E-06,-1.13567842E+00,+1.06236561E+00
+628.00E-06,-1.25628144E+00,+997.03897E-03
+629.00E-06,-1.24120606E+00,+1.09251636E+00
+630.00E-06,-1.18592968E+00,+1.06236561E+00
+631.00E-06,-1.26633169E+00,+1.14276762E+00
+632.00E-06,-1.25628144E+00,+1.21311937E+00
+633.00E-06,-1.26633169E+00,+1.17291837E+00
+634.00E-06,-1.25628144E+00,+1.14276762E+00
+635.00E-06,-1.21608043E+00,+1.17291837E+00
+636.00E-06,-1.28140706E+00,+1.14276762E+00
+637.00E-06,-1.26633169E+00,+1.19804400E+00
+638.00E-06,-1.26633169E+00,+1.22316962E+00
+639.00E-06,-1.26633169E+00,+1.17291837E+00
+640.00E-06,-1.26633169E+00,+1.22316962E+00
+641.00E-06,-1.29648244E+00,+1.22316962E+00
+642.00E-06,-1.26633169E+00,+1.22316962E+00
+643.00E-06,-1.34673370E+00,+1.27844601E+00
+644.00E-06,-1.28140706E+00,+1.29352138E+00
+645.00E-06,-1.37688445E+00,+1.22316962E+00
+646.00E-06,-1.34673370E+00,+1.23824500E+00
+647.00E-06,-1.34673370E+00,+1.27844601E+00
+648.00E-06,-1.42713571E+00,+1.22316962E+00
+649.00E-06,-1.42713571E+00,+1.25332038E+00
+650.00E-06,-1.41708545E+00,+1.30357163E+00
+651.00E-06,-1.45728646E+00,+1.25332038E+00
+652.00E-06,-1.42713571E+00,+1.30357163E+00
+653.00E-06,-1.40201008E+00,+1.27844601E+00
+654.00E-06,-1.36180907E+00,+1.30357163E+00
+655.00E-06,-1.42713571E+00,+1.33372239E+00
+656.00E-06,-1.41708545E+00,+1.37392339E+00
+657.00E-06,-1.45728646E+00,+1.30357163E+00
+658.00E-06,-1.49748746E+00,+1.31864701E+00
+659.00E-06,-1.50753772E+00,+1.41412440E+00
+660.00E-06,-1.57788947E+00,+1.38397364E+00
+661.00E-06,-1.50753772E+00,+1.38397364E+00
+662.00E-06,-1.56281410E+00,+1.39904902E+00
+663.00E-06,-1.56281410E+00,+1.43925002E+00
+664.00E-06,-1.50753772E+00,+1.45432540E+00
+665.00E-06,-1.50753772E+00,+1.41412440E+00
+666.00E-06,-1.50753772E+00,+1.51965203E+00
+667.00E-06,-1.50753772E+00,+1.46437565E+00
+668.00E-06,-1.64321611E+00,+1.39904902E+00
+669.00E-06,-1.64321611E+00,+1.38397364E+00
+670.00E-06,-1.60301510E+00,+1.46437565E+00
+671.00E-06,-1.58793972E+00,+1.46437565E+00
+672.00E-06,-1.53768847E+00,+1.46437565E+00
+673.00E-06,-1.64321611E+00,+1.41412440E+00
+674.00E-06,-1.58793972E+00,+1.47945103E+00
+675.00E-06,-1.64321611E+00,+1.46437565E+00
+676.00E-06,-1.57788947E+00,+1.47945103E+00
+677.00E-06,-1.64321611E+00,+1.51965203E+00
+678.00E-06,-1.64321611E+00,+1.54477766E+00
+679.00E-06,-1.64321611E+00,+1.49452641E+00
+680.00E-06,-1.58793972E+00,+1.55985304E+00
+681.00E-06,-1.66834173E+00,+1.54477766E+00
+682.00E-06,-1.66834173E+00,+1.54477766E+00
+683.00E-06,-1.66834173E+00,+1.57492842E+00
+684.00E-06,-1.65829148E+00,+1.55985304E+00
+685.00E-06,-1.66834173E+00,+1.51965203E+00
+686.00E-06,-1.60301510E+00,+1.62517967E+00
+687.00E-06,-1.66834173E+00,+1.54477766E+00
+688.00E-06,-1.66834173E+00,+1.54477766E+00
+689.00E-06,-1.66834173E+00,+1.57492842E+00
+690.00E-06,-1.66834173E+00,+1.61512942E+00
+691.00E-06,-1.69849249E+00,+1.62517967E+00
+692.00E-06,-1.60301510E+00,+1.61512942E+00
+693.00E-06,-1.66834173E+00,+1.57492842E+00
+694.00E-06,-1.66834173E+00,+1.62517967E+00
+695.00E-06,-1.66834173E+00,+1.62517967E+00
+696.00E-06,-1.74874374E+00,+1.62517967E+00
+697.00E-06,-1.74874374E+00,+1.62517967E+00
+698.00E-06,-1.73869349E+00,+1.62517967E+00
+699.00E-06,-1.72361811E+00,+1.68045605E+00
+700.00E-06,-1.74874374E+00,+1.62517967E+00
+701.00E-06,-1.80402012E+00,+1.62517967E+00
+702.00E-06,-1.74874374E+00,+1.64025505E+00
+703.00E-06,-1.77889450E+00,+1.62517967E+00
+704.00E-06,-1.74874374E+00,+1.70558168E+00
+705.00E-06,-1.74874374E+00,+1.65533042E+00
+706.00E-06,-1.81909550E+00,+1.69553143E+00
+707.00E-06,-1.74874374E+00,+1.70558168E+00
+708.00E-06,-1.74874374E+00,+1.64025505E+00
+709.00E-06,-1.80402012E+00,+1.68045605E+00
+710.00E-06,-1.76381912E+00,+1.65533042E+00
+711.00E-06,-1.82914575E+00,+1.73573243E+00
+712.00E-06,-1.82914575E+00,+1.77593344E+00
+713.00E-06,-1.77889450E+00,+1.70558168E+00
+714.00E-06,-1.89949751E+00,+1.70558168E+00
+715.00E-06,-1.85929651E+00,+1.70558168E+00
+716.00E-06,-1.81909550E+00,+1.70558168E+00
+717.00E-06,-1.82914575E+00,+1.70558168E+00
+718.00E-06,-1.82914575E+00,+1.78598369E+00
+719.00E-06,-1.85929651E+00,+1.70558168E+00
+720.00E-06,-1.90954776E+00,+1.70558168E+00
+721.00E-06,-1.82914575E+00,+1.78598369E+00
+722.00E-06,-1.89949751E+00,+1.72065706E+00
+723.00E-06,-1.82914575E+00,+1.78598369E+00
+724.00E-06,-1.90954776E+00,+1.72065706E+00
+725.00E-06,-1.85929651E+00,+1.78598369E+00
+726.00E-06,-1.84422113E+00,+1.77593344E+00
+727.00E-06,-1.80402012E+00,+1.73573243E+00
+728.00E-06,-1.89949751E+00,+1.78598369E+00
+729.00E-06,-1.90954776E+00,+1.76085806E+00
+730.00E-06,-1.82914575E+00,+1.84126007E+00
+731.00E-06,-1.93969851E+00,+1.78598369E+00
+732.00E-06,-1.90954776E+00,+1.77593344E+00
+733.00E-06,-1.85929651E+00,+1.78598369E+00
+734.00E-06,-1.89949751E+00,+1.80105907E+00
+735.00E-06,-1.93969851E+00,+1.78598369E+00
+736.00E-06,-1.90954776E+00,+1.78598369E+00
+737.00E-06,-1.90954776E+00,+1.78598369E+00
+738.00E-06,-1.89949751E+00,+1.78598369E+00
+739.00E-06,-1.90954776E+00,+1.81613444E+00
+740.00E-06,-1.97989952E+00,+1.80105907E+00
+741.00E-06,-1.88442213E+00,+1.84126007E+00
+742.00E-06,-1.97989952E+00,+1.80105907E+00
+743.00E-06,-1.90954776E+00,+1.84126007E+00
+744.00E-06,-1.90954776E+00,+1.85633545E+00
+745.00E-06,-1.93969851E+00,+1.84126007E+00
+746.00E-06,-1.90954776E+00,+1.80105907E+00
+747.00E-06,-1.98994977E+00,+1.84126007E+00
+748.00E-06,-1.90954776E+00,+1.80105907E+00
+749.00E-06,-1.96482414E+00,+1.84126007E+00
+750.00E-06,-1.90954776E+00,+1.78598369E+00
+751.00E-06,-1.90954776E+00,+1.81613444E+00
+752.00E-06,-1.97989952E+00,+1.86638570E+00
+753.00E-06,-1.98994977E+00,+1.78598369E+00
+754.00E-06,-1.98994977E+00,+1.86638570E+00
+755.00E-06,-1.90954776E+00,+1.84126007E+00
+756.00E-06,-1.98994977E+00,+1.86638570E+00
+757.00E-06,-1.96482414E+00,+1.78598369E+00
+758.00E-06,-1.92462314E+00,+1.80105907E+00
+759.00E-06,-1.96482414E+00,+1.84126007E+00
+760.00E-06,-1.97989952E+00,+1.86638570E+00
+761.00E-06,-1.96482414E+00,+1.86638570E+00
+762.00E-06,-1.98994977E+00,+1.94678771E+00
+763.00E-06,-1.98994977E+00,+1.86638570E+00
+764.00E-06,-1.98994977E+00,+1.78598369E+00
+765.00E-06,-1.98994977E+00,+1.84126007E+00
+766.00E-06,-2.07035178E+00,+1.80105907E+00
+767.00E-06,-1.96482414E+00,+1.86638570E+00
+768.00E-06,-1.97989952E+00,+1.85633545E+00
+769.00E-06,-1.93969851E+00,+1.86638570E+00
+770.00E-06,-1.98994977E+00,+1.86638570E+00
+771.00E-06,-1.96482414E+00,+1.84126007E+00
+772.00E-06,-2.04522615E+00,+1.80105907E+00
+773.00E-06,-1.98994977E+00,+1.86638570E+00
+774.00E-06,-1.92462314E+00,+1.86638570E+00
+775.00E-06,-1.93969851E+00,+1.84126007E+00
+776.00E-06,-1.97989952E+00,+1.86638570E+00
+777.00E-06,-1.96482414E+00,+1.78598369E+00
+778.00E-06,-1.98994977E+00,+1.93673746E+00
+779.00E-06,-1.93969851E+00,+1.86638570E+00
+780.00E-06,-1.98994977E+00,+1.84126007E+00
+781.00E-06,-1.93969851E+00,+1.86638570E+00
+782.00E-06,-1.90954776E+00,+1.85633545E+00
+783.00E-06,-1.90954776E+00,+1.92166208E+00
+784.00E-06,-1.97989952E+00,+1.86638570E+00
+785.00E-06,-1.98994977E+00,+1.78598369E+00
+786.00E-06,-1.92462314E+00,+1.85633545E+00
+787.00E-06,-1.96482414E+00,+1.81613444E+00
+788.00E-06,-1.90954776E+00,+1.86638570E+00
+789.00E-06,-1.90954776E+00,+1.78598369E+00
+790.00E-06,-1.92462314E+00,+1.80105907E+00
+791.00E-06,-1.90954776E+00,+1.78598369E+00
+792.00E-06,-1.97989952E+00,+1.86638570E+00
+793.00E-06,-1.90954776E+00,+1.78598369E+00
+794.00E-06,-1.90954776E+00,+1.78598369E+00
+795.00E-06,-1.98994977E+00,+1.78598369E+00
+796.00E-06,-1.90954776E+00,+1.72065706E+00
+797.00E-06,-1.90954776E+00,+1.84126007E+00
+798.00E-06,-1.90954776E+00,+1.78598369E+00
+799.00E-06,-1.93969851E+00,+1.86638570E+00
+800.00E-06,-1.92462314E+00,+1.73573243E+00
+801.00E-06,-1.90954776E+00,+1.73573243E+00
+802.00E-06,-1.84422113E+00,+1.78598369E+00
+803.00E-06,-1.88442213E+00,+1.73573243E+00
+804.00E-06,-1.84422113E+00,+1.78598369E+00
+805.00E-06,-1.82914575E+00,+1.78598369E+00
+806.00E-06,-1.90954776E+00,+1.78598369E+00
+807.00E-06,-1.88442213E+00,+1.73573243E+00
+808.00E-06,-1.82914575E+00,+1.77593344E+00
+809.00E-06,-1.90954776E+00,+1.70558168E+00
+810.00E-06,-1.84422113E+00,+1.72065706E+00
+811.00E-06,-1.77889450E+00,+1.70558168E+00
+812.00E-06,-1.82914575E+00,+1.77593344E+00
+813.00E-06,-1.82914575E+00,+1.78598369E+00
+814.00E-06,-1.82914575E+00,+1.77593344E+00
+815.00E-06,-1.82914575E+00,+1.70558168E+00
+816.00E-06,-1.84422113E+00,+1.77593344E+00
+817.00E-06,-1.77889450E+00,+1.73573243E+00
+818.00E-06,-1.89949751E+00,+1.65533042E+00
+819.00E-06,-1.82914575E+00,+1.70558168E+00
+820.00E-06,-1.76381912E+00,+1.70558168E+00
+821.00E-06,-1.82914575E+00,+1.76085806E+00
+822.00E-06,-1.82914575E+00,+1.70558168E+00
+823.00E-06,-1.80402012E+00,+1.62517967E+00
+824.00E-06,-1.77889450E+00,+1.76085806E+00
+825.00E-06,-1.74874374E+00,+1.73573243E+00
+826.00E-06,-1.82914575E+00,+1.70558168E+00
+827.00E-06,-1.74874374E+00,+1.68045605E+00
+828.00E-06,-1.81909550E+00,+1.62517967E+00
+829.00E-06,-1.74874374E+00,+1.70558168E+00
+830.00E-06,-1.74874374E+00,+1.69553143E+00
+831.00E-06,-1.74874374E+00,+1.68045605E+00
+832.00E-06,-1.73869349E+00,+1.70558168E+00
+833.00E-06,-1.74874374E+00,+1.68045605E+00
+834.00E-06,-1.68341711E+00,+1.62517967E+00
+835.00E-06,-1.77889450E+00,+1.65533042E+00
+836.00E-06,-1.81909550E+00,+1.62517967E+00
+837.00E-06,-1.69849249E+00,+1.62517967E+00
+838.00E-06,-1.74874374E+00,+1.62517967E+00
+839.00E-06,-1.77889450E+00,+1.57492842E+00
+840.00E-06,-1.68341711E+00,+1.61512942E+00
+841.00E-06,-1.72361811E+00,+1.57492842E+00
+842.00E-06,-1.66834173E+00,+1.62517967E+00
+843.00E-06,-1.69849249E+00,+1.60005404E+00
+844.00E-06,-1.66834173E+00,+1.55985304E+00
+845.00E-06,-1.66834173E+00,+1.62517967E+00
+846.00E-06,-1.66834173E+00,+1.55985304E+00
+847.00E-06,-1.61809048E+00,+1.62517967E+00
+848.00E-06,-1.60301510E+00,+1.60005404E+00
+849.00E-06,-1.61809048E+00,+1.54477766E+00
+850.00E-06,-1.60301510E+00,+1.61512942E+00
+851.00E-06,-1.58793972E+00,+1.54477766E+00
+852.00E-06,-1.65829148E+00,+1.47945103E+00
+853.00E-06,-1.58793972E+00,+1.49452641E+00
+854.00E-06,-1.65829148E+00,+1.47945103E+00
+855.00E-06,-1.58793972E+00,+1.54477766E+00
+856.00E-06,-1.52261309E+00,+1.54477766E+00
+857.00E-06,-1.56281410E+00,+1.41412440E+00
+858.00E-06,-1.52261309E+00,+1.47945103E+00
+859.00E-06,-1.58793972E+00,+1.46437565E+00
+860.00E-06,-1.57788947E+00,+1.51965203E+00
+861.00E-06,-1.50753772E+00,+1.46437565E+00
+862.00E-06,-1.50753772E+00,+1.46437565E+00
+863.00E-06,-1.56281410E+00,+1.46437565E+00
+864.00E-06,-1.58793972E+00,+1.38397364E+00
+865.00E-06,-1.45728646E+00,+1.38397364E+00
+866.00E-06,-1.56281410E+00,+1.38397364E+00
+867.00E-06,-1.50753772E+00,+1.41412440E+00
+868.00E-06,-1.52261309E+00,+1.37392339E+00
+869.00E-06,-1.42713571E+00,+1.38397364E+00
+870.00E-06,-1.42713571E+00,+1.37392339E+00
+871.00E-06,-1.42713571E+00,+1.41412440E+00
+872.00E-06,-1.42713571E+00,+1.38397364E+00
+873.00E-06,-1.42713571E+00,+1.38397364E+00
+874.00E-06,-1.42713571E+00,+1.30357163E+00
+875.00E-06,-1.42713571E+00,+1.30357163E+00
+876.00E-06,-1.44221108E+00,+1.30357163E+00
+877.00E-06,-1.48241209E+00,+1.30357163E+00
+878.00E-06,-1.41708545E+00,+1.30357163E+00
+879.00E-06,-1.37688445E+00,+1.27844601E+00
+880.00E-06,-1.28140706E+00,+1.30357163E+00
+881.00E-06,-1.45728646E+00,+1.27844601E+00
+882.00E-06,-1.34673370E+00,+1.22316962E+00
+883.00E-06,-1.32160807E+00,+1.30357163E+00
+884.00E-06,-1.29648244E+00,+1.22316962E+00
+885.00E-06,-1.29648244E+00,+1.27844601E+00
+886.00E-06,-1.28140706E+00,+1.22316962E+00
+887.00E-06,-1.37688445E+00,+1.14276762E+00
+888.00E-06,-1.28140706E+00,+1.15784299E+00
+889.00E-06,-1.34673370E+00,+1.14276762E+00
+890.00E-06,-1.26633169E+00,+1.15784299E+00
+891.00E-06,-1.24120606E+00,+1.19804400E+00
+892.00E-06,-1.18592968E+00,+1.14276762E+00
+893.00E-06,-1.21608043E+00,+1.17291837E+00
+894.00E-06,-1.20100506E+00,+1.14276762E+00
+895.00E-06,-1.24120606E+00,+1.11764199E+00
+896.00E-06,-1.25628144E+00,+1.07744098E+00
+897.00E-06,-1.18592968E+00,+1.06236561E+00
+898.00E-06,-1.25628144E+00,+1.07744098E+00
+899.00E-06,-1.13567842E+00,+1.09251636E+00
+900.00E-06,-1.13567842E+00,+1.06236561E+00
+901.00E-06,-1.18592968E+00,+1.06236561E+00
+902.00E-06,-1.17587943E+00,+1.13271736E+00
+903.00E-06,-1.16080405E+00,+1.06236561E+00
+904.00E-06,-1.10552767E+00,+997.03897E-03
+905.00E-06,-1.13567842E+00,+981.96360E-03
+906.00E-06,-1.09547742E+00,+1.06236561E+00
+907.00E-06,-1.05527641E+00,+1.01211435E+00
+908.00E-06,-1.18592968E+00,+997.03897E-03
+909.00E-06,-1.05527641E+00,+981.96360E-03
+910.00E-06,-1.10552767E+00,+981.96360E-03
+911.00E-06,-1.08040204E+00,+981.96360E-03
+912.00E-06,-1.02512566E+00,+901.56159E-03
+913.00E-06,-1.08040204E+00,+901.56159E-03
+914.00E-06,-1.04020104E+00,+836.23496E-03
+915.00E-06,-1.02512566E+00,+901.56159E-03
+916.00E-06,-1.04020104E+00,+971.91335E-03
+917.00E-06,-1.02512566E+00,+901.56159E-03
+918.00E-06,-1.01507541E+00,+901.56159E-03
+919.00E-06,-944.72365E-03,+901.56159E-03
+920.00E-06,-944.72365E-03,+891.51134E-03
+921.00E-06,-1.02512566E+00,+821.15958E-03
+922.00E-06,-944.72365E-03,+891.51134E-03
+923.00E-06,-864.32164E-03,+821.15958E-03
+924.00E-06,-944.72365E-03,+821.15958E-03
+925.00E-06,-919.59802E-03,+851.31033E-03
+926.00E-06,-944.72365E-03,+821.15958E-03
+927.00E-06,-919.59802E-03,+740.75757E-03
+928.00E-06,-798.99501E-03,+811.10933E-03
+929.00E-06,-814.07039E-03,+821.15958E-03
+930.00E-06,-854.27139E-03,+740.75757E-03
+931.00E-06,-864.32164E-03,+796.03395E-03
+932.00E-06,-919.59802E-03,+740.75757E-03
+933.00E-06,-839.19601E-03,+715.63194E-03
+934.00E-06,-864.32164E-03,+690.50631E-03
+935.00E-06,-783.91963E-03,+690.50631E-03
+936.00E-06,-783.91963E-03,+660.35556E-03
+937.00E-06,-703.51762E-03,+740.75757E-03
+938.00E-06,-783.91963E-03,+660.35556E-03
+939.00E-06,-733.66838E-03,+660.35556E-03
+940.00E-06,-718.59300E-03,+650.30531E-03
+941.00E-06,-703.51762E-03,+635.22993E-03
+942.00E-06,-703.51762E-03,+579.95355E-03
+943.00E-06,-703.51762E-03,+660.35556E-03
+944.00E-06,-638.19099E-03,+579.95355E-03
+945.00E-06,-653.26637E-03,+610.10430E-03
+946.00E-06,-613.06536E-03,+529.70230E-03
+947.00E-06,-597.98999E-03,+579.95355E-03
+948.00E-06,-623.11561E-03,+579.95355E-03
+949.00E-06,-623.11561E-03,+554.82792E-03
+950.00E-06,-613.06536E-03,+569.90330E-03
+951.00E-06,-542.71360E-03,+529.70230E-03
+952.00E-06,-572.86436E-03,+419.14953E-03
+953.00E-06,-542.71360E-03,+474.42591E-03
+954.00E-06,-623.11561E-03,+434.22491E-03
+955.00E-06,-517.58798E-03,+449.30029E-03
+956.00E-06,-542.71360E-03,+499.55154E-03
+957.00E-06,-517.58798E-03,+449.30029E-03
+958.00E-06,-396.98496E-03,+489.50129E-03
+959.00E-06,-492.46235E-03,+394.02391E-03
+960.00E-06,-532.66335E-03,+419.14953E-03
+961.00E-06,-572.86436E-03,+368.89828E-03
+962.00E-06,-381.90959E-03,+419.14953E-03
+963.00E-06,-462.31160E-03,+338.74752E-03
+964.00E-06,-396.98496E-03,+419.14953E-03
+965.00E-06,-462.31160E-03,+394.02391E-03
+966.00E-06,-396.98496E-03,+409.09928E-03
+967.00E-06,-412.06034E-03,+338.74752E-03
+968.00E-06,-452.26134E-03,+273.42089E-03
+969.00E-06,-437.18597E-03,+338.74752E-03
+970.00E-06,-316.58295E-03,+258.34551E-03
+971.00E-06,-381.90959E-03,+258.34551E-03
+972.00E-06,-301.50758E-03,+248.29526E-03
+973.00E-06,-356.78396E-03,+258.34551E-03
+974.00E-06,-301.50758E-03,+248.29526E-03
+975.00E-06,-301.50758E-03,+208.09426E-03
+976.00E-06,-291.45733E-03,+273.42089E-03
+977.00E-06,-301.50758E-03,+152.81788E-03
+978.00E-06,-236.18094E-03,+167.89325E-03
+979.00E-06,-301.50758E-03,+177.94351E-03
+980.00E-06,-221.10557E-03,+167.89325E-03
+981.00E-06,-195.97994E-03,+127.69225E-03
+982.00E-06,-291.45733E-03,+97.54150E-03
+983.00E-06,-221.10557E-03,+97.54150E-03
+984.00E-06,-221.10557E-03,+112.61687E-03
+985.00E-06,-195.97994E-03,+152.81788E-03
+986.00E-06,-155.77894E-03,+32.21486E-03
+987.00E-06,-170.85431E-03,+97.54150E-03
+988.00E-06,-130.65331E-03,+87.49125E-03
+989.00E-06,-195.97994E-03,+72.41587E-03
+990.00E-06,-75.37693E-03,+97.54150E-03
+991.00E-06,-115.57793E-03,-7.98614E-03
+992.00E-06,-75.37693E-03,+17.13949E-03
+993.00E-06,-60.30155E-03,+47.29024E-03
+994.00E-06,-130.65331E-03,+7.08924E-03
+995.00E-06,-60.30155E-03,-63.26252E-03
+996.00E-06,-50.25130E-03,+7.08924E-03
+997.00E-06,-35.17592E-03,-63.26252E-03
+998.00E-06,-50.25130E-03,-143.66453E-03
+999.00E-06,-35.17592E-03,-143.66453E-03
